"Id","date","total_steps","total_distance","tracker_distance","calories","very_active_distance","light_active_distance","sedentary_active_distance","very_active_min","sedentary_minutes","Weight_kg","IMC","manual_report","sleep_record","min_asleep","time_bed"
1503960366,2016-04-12,13162,8.5,8.5,1985,1.879999995,6.059999943,0,25,728,NA,NA,NA,1,327,346
1503960366,2016-04-13,10735,6.96999979,6.96999979,1797,1.570000052,4.710000038,0,21,776,NA,NA,NA,2,384,407
1503960366,2016-04-14,10460,6.739999771,6.739999771,1776,2.440000057,3.910000086,0,30,1218,NA,NA,NA,NA,NA,NA
1503960366,2016-04-15,9762,6.28000021,6.28000021,1745,2.140000105,2.829999924,0,29,726,NA,NA,NA,1,412,442
1503960366,2016-04-16,12669,8.159999847,8.159999847,1863,2.710000038,5.039999962,0,36,773,NA,NA,NA,2,340,367
1503960366,2016-04-17,9705,6.480000019,6.480000019,1728,3.190000057,2.50999999,0,38,539,NA,NA,NA,1,700,712
1503960366,2016-04-18,13019,8.590000153,8.590000153,1921,3.25,4.710000038,0,42,1149,NA,NA,NA,NA,NA,NA
1503960366,2016-04-19,15506,9.880000114,9.880000114,2035,3.529999971,5.03000021,0,50,775,NA,NA,NA,1,304,320
1503960366,2016-04-20,10544,6.679999828,6.679999828,1786,1.960000038,4.239999771,0,28,818,NA,NA,NA,1,360,377
1503960366,2016-04-21,9819,6.340000153,6.340000153,1775,1.340000033,4.650000095,0,19,838,NA,NA,NA,1,325,364
1503960366,2016-04-22,12764,8.130000114,8.130000114,1827,4.760000229,2.24000001,0,66,1217,NA,NA,NA,NA,NA,NA
1503960366,2016-04-23,14371,9.039999962,9.039999962,1949,2.809999943,5.360000134,0,41,732,NA,NA,NA,1,361,384
1503960366,2016-04-24,10039,6.409999847,6.409999847,1788,2.920000076,3.279999971,0,39,709,NA,NA,NA,1,430,449
1503960366,2016-04-25,15355,9.800000191,9.800000191,2013,5.289999962,3.940000057,0,73,814,NA,NA,NA,1,277,323
1503960366,2016-04-26,13755,8.789999962,8.789999962,1970,2.329999924,5.539999962,0,31,833,NA,NA,NA,1,245,274
1503960366,2016-04-27,18134,12.21000004,12.21000004,2159,6.400000095,5.409999847,0,78,1108,NA,NA,NA,NA,NA,NA
1503960366,2016-04-28,13154,8.529999733,8.529999733,1898,3.539999962,3.789999962,0,48,782,NA,NA,NA,1,366,393
1503960366,2016-04-29,11181,7.150000095,7.150000095,1837,1.059999943,5.579999924,0,16,815,NA,NA,NA,1,341,354
1503960366,2016-04-30,14673,9.25,9.25,1947,3.559999943,4.269999981,0,52,712,NA,NA,NA,1,404,425
1503960366,2016-05-01,10602,6.809999943,6.809999943,1820,2.289999962,2.920000076,0,33,730,NA,NA,NA,1,369,396
1503960366,2016-05-02,14727,9.710000038,9.710000038,2004,3.210000038,5.920000076,0,41,798,52.59999847,22.64999962,TRUE,1,277,309
1503960366,2016-05-03,15103,9.659999847,9.659999847,1990,3.730000019,4.880000114,0,50,816,52.59999847,22.64999962,TRUE,1,273,296
1503960366,2016-05-04,11100,7.150000095,7.150000095,1819,2.460000038,3.819999933,0,36,1179,NA,NA,NA,NA,NA,NA
1503960366,2016-05-05,14070,8.899999619,8.899999619,1959,2.920000076,4.880000114,0,45,857,NA,NA,NA,1,247,264
1503960366,2016-05-06,12159,8.029999733,8.029999733,1896,1.970000029,5.809999943,0,24,754,NA,NA,NA,1,334,367
1503960366,2016-05-07,11992,7.710000038,7.710000038,1821,2.460000038,3.130000114,0,37,833,NA,NA,NA,1,331,349
1503960366,2016-05-08,10060,6.579999924,6.579999924,1740,3.529999971,2.730000019,0,44,574,NA,NA,NA,1,594,611
1503960366,2016-05-09,12022,7.71999979,7.71999979,1819,3.450000048,3.74000001,0,46,835,NA,NA,NA,1,338,342
1503960366,2016-05-10,12207,7.769999981,7.769999981,1859,3.349999905,3.25999999,0,46,746,NA,NA,NA,1,383,403
1503960366,2016-05-11,12770,8.130000114,8.130000114,1783,2.559999943,4.550000191,0,36,669,NA,NA,NA,1,285,306
1503960366,2016-05-12,0,0,0,0,0,0,0,0,1440,NA,NA,NA,NA,NA,NA
1624580081,2016-04-12,8163,5.309999943,5.309999943,1432,0,5.309999943,0,0,1294,NA,NA,NA,NA,NA,NA
1624580081,2016-04-13,7007,4.550000191,4.550000191,1411,0,4.550000191,0,0,1292,NA,NA,NA,NA,NA,NA
1624580081,2016-04-14,9107,5.920000076,5.920000076,1572,0,5.909999847,0.009999999776,0,1204,NA,NA,NA,NA,NA,NA
1624580081,2016-04-15,1510,0.9800000191,0.9800000191,1344,0,0.9700000286,0,0,1344,NA,NA,NA,NA,NA,NA
1624580081,2016-04-16,5370,3.49000001,3.49000001,1463,0,3.49000001,0,0,1264,NA,NA,NA,NA,NA,NA
1624580081,2016-04-17,6175,4.059999943,4.059999943,1554,1.029999971,1.49000001,0.009999999776,15,1276,NA,NA,NA,NA,NA,NA
1624580081,2016-04-18,10536,7.409999847,7.409999847,1604,2.150000095,4.619999886,0.009999999776,17,1214,NA,NA,NA,NA,NA,NA
1624580081,2016-04-19,2916,1.899999976,1.899999976,1435,0,1.899999976,0,0,1299,NA,NA,NA,NA,NA,NA
1624580081,2016-04-20,4974,3.230000019,3.230000019,1446,0,3.230000019,0,0,1289,NA,NA,NA,NA,NA,NA
1624580081,2016-04-21,6349,4.130000114,4.130000114,1467,0,4.110000134,0.01999999955,0,1254,NA,NA,NA,NA,NA,NA
1624580081,2016-04-22,4026,2.619999886,2.619999886,1470,0,2.599999905,0,0,1241,NA,NA,NA,NA,NA,NA
1624580081,2016-04-23,8538,5.550000191,5.550000191,1562,0,5.539999962,0.009999999776,0,1213,NA,NA,NA,NA,NA,NA
1624580081,2016-04-24,6076,3.950000048,3.950000048,1617,1.149999976,1.889999986,0,16,1221,NA,NA,NA,NA,NA,NA
1624580081,2016-04-25,6497,4.21999979,4.21999979,1492,0,4.199999809,0.01999999955,0,1238,NA,NA,NA,NA,NA,NA
1624580081,2016-04-26,2826,1.840000033,1.840000033,1402,0,1.830000043,0.009999999776,0,1300,NA,NA,NA,NA,NA,NA
1624580081,2016-04-27,8367,5.440000057,5.440000057,1670,1.110000014,2.460000038,0,17,1233,NA,NA,NA,NA,NA,NA
1624580081,2016-04-28,2759,1.789999962,1.789999962,1401,0,1.600000024,0,0,1320,NA,NA,NA,NA,NA,NA
1624580081,2016-04-29,2390,1.549999952,1.549999952,1404,0,1.549999952,0,0,1290,NA,NA,NA,NA,NA,NA
1624580081,2016-04-30,6474,4.300000191,4.300000191,1655,0.8999999762,2.119999886,0.009999999776,11,1182,NA,NA,NA,NA,NA,NA
1624580081,2016-05-01,36019,28.03000069,28.03000069,2690,21.92000008,1.909999967,0.01999999955,186,1020,NA,NA,NA,NA,NA,NA
1624580081,2016-05-02,7155,4.929999828,4.929999828,1497,0.8600000143,3.470000029,0,7,1261,NA,NA,NA,NA,NA,NA
1624580081,2016-05-03,2100,1.370000005,1.370000005,1334,0,1.340000033,0.01999999955,0,1344,NA,NA,NA,NA,NA,NA
1624580081,2016-05-04,2193,1.429999948,1.429999948,1368,0,1.419999957,0,0,1322,NA,NA,NA,NA,NA,NA
1624580081,2016-05-05,2470,1.610000014,1.610000014,1370,0,1.580000043,0.01999999955,0,1323,NA,NA,NA,NA,NA,NA
1624580081,2016-05-06,1727,1.120000005,1.120000005,1341,0,1.120000005,0.009999999776,0,1338,NA,NA,NA,NA,NA,NA
1624580081,2016-05-07,2104,1.370000005,1.370000005,1474,0,1.370000005,0,0,1258,NA,NA,NA,NA,NA,NA
1624580081,2016-05-08,3427,2.230000019,2.230000019,1427,0,2.220000029,0,0,1288,NA,NA,NA,NA,NA,NA
1624580081,2016-05-09,1732,1.129999995,1.129999995,1328,0,1.129999995,0,0,1349,NA,NA,NA,NA,NA,NA
1624580081,2016-05-10,2969,1.929999948,1.929999948,1393,0,1.919999957,0.009999999776,0,1301,NA,NA,NA,NA,NA,NA
1624580081,2016-05-11,3134,2.039999962,2.039999962,1359,0,2.039999962,0,0,1328,NA,NA,NA,NA,NA,NA
1624580081,2016-05-12,2971,1.929999948,1.929999948,1002,0,1.919999957,0.009999999776,0,890,NA,NA,NA,NA,NA,NA
1644430081,2016-04-12,10694,7.769999981,7.769999981,3199,0.1400000006,5.329999924,0,2,1131,NA,NA,NA,NA,NA,NA
1644430081,2016-04-13,8001,5.820000172,5.820000172,2902,2.279999971,2.640000105,0,30,1259,NA,NA,NA,NA,NA,NA
1644430081,2016-04-14,11037,8.020000458,8.020000458,3226,0.3600000143,5.099999905,0,5,1125,NA,NA,NA,NA,NA,NA
1644430081,2016-04-15,5263,3.829999924,3.829999924,2750,0.2199999988,3.450000048,0,3,1263,NA,NA,NA,NA,NA,NA
1644430081,2016-04-16,15300,11.11999989,11.11999989,3493,4.099999905,5.090000153,0,51,1135,NA,NA,NA,NA,NA,NA
1644430081,2016-04-17,8757,6.369999886,6.369999886,3011,2.25,3.549999952,0,29,1212,NA,NA,NA,NA,NA,NA
1644430081,2016-04-18,7132,5.190000057,5.190000057,2806,1.070000052,2.450000048,0,15,1271,NA,NA,NA,NA,NA,NA
1644430081,2016-04-19,11256,8.180000305,8.180000305,3300,0.3600000143,5.300000191,0,5,1099,NA,NA,NA,NA,NA,NA
1644430081,2016-04-20,2436,1.769999981,1.769999981,2430,0,1.75999999,0.009999999776,0,1315,NA,NA,NA,NA,NA,NA
1644430081,2016-04-21,1223,0.8899999857,0.8899999857,2140,0,0.8799999952,0.009999999776,0,1402,NA,NA,NA,NA,NA,NA
1644430081,2016-04-22,3673,2.670000076,2.670000076,2344,0,2.660000086,0.009999999776,0,1354,NA,NA,NA,NA,NA,NA
1644430081,2016-04-23,6637,4.829999924,4.829999924,2677,0,4.25,0,0,1265,NA,NA,NA,NA,NA,NA
1644430081,2016-04-24,3321,2.410000086,2.410000086,2413,0,2.410000086,0,0,1351,NA,NA,NA,NA,NA,NA
1644430081,2016-04-25,3580,2.599999905,2.599999905,2497,0.5899999738,1.950000048,0,8,1337,NA,NA,NA,NA,NA,NA
1644430081,2016-04-26,9919,7.210000038,7.210000038,3123,0.8000000119,4.690000057,0,11,1165,NA,NA,NA,NA,NA,NA
1644430081,2016-04-27,3032,2.200000048,2.200000048,2489,0,2.200000048,0,0,1322,NA,NA,NA,NA,NA,NA
1644430081,2016-04-28,9405,6.840000153,6.840000153,3108,0.200000003,4.309999943,0,3,1157,NA,NA,NA,NA,NA,NA
1644430081,2016-04-29,3176,2.309999943,2.309999943,2498,0,2.309999943,0,0,1193,NA,NA,NA,1,119,127
1644430081,2016-04-30,18213,13.23999977,13.23999977,3846,0.6299999952,9.460000038,0,9,816,NA,NA,NA,1,124,142
1644430081,2016-05-01,6132,4.460000038,4.460000038,2696,0.2399999946,3.230000019,0,3,908,NA,NA,NA,NA,NA,NA
1644430081,2016-05-02,3758,2.730000019,2.730000019,2580,0.0700000003,2.349999905,0,1,682,NA,NA,NA,1,796,961
1644430081,2016-05-03,12850,9.340000153,9.340000153,3324,0.7200000286,4.539999962,0,10,1115,NA,NA,NA,NA,NA,NA
1644430081,2016-05-04,2309,1.679999948,1.679999948,2222,0,1.659999967,0.01999999955,0,1388,NA,NA,NA,NA,NA,NA
1644430081,2016-05-05,4363,3.190000057,3.190000057,2463,0.5199999809,2.130000114,0.009999999776,6,1341,NA,NA,NA,NA,NA,NA
1644430081,2016-05-06,9787,7.119999886,7.119999886,3328,0.8199999928,6.010000229,0.01999999955,11,1054,NA,NA,NA,NA,NA,NA
1644430081,2016-05-07,13372,9.720000267,9.720000267,3404,3.25999999,5.670000076,0.009999999776,41,1139,NA,NA,NA,NA,NA,NA
1644430081,2016-05-08,6724,4.889999866,4.889999866,2987,0,4.880000114,0,0,991,NA,NA,NA,1,137,154
1644430081,2016-05-09,6643,4.829999924,4.829999924,3008,2.390000105,2.089999914,0.009999999776,32,1099,NA,NA,NA,NA,NA,NA
1644430081,2016-05-10,9167,6.659999847,6.659999847,2799,0.8799999952,4.96999979,0.009999999776,12,1254,NA,NA,NA,NA,NA,NA
1644430081,2016-05-11,1329,0.9700000286,0.9700000286,1276,0,0.9499999881,0.009999999776,0,713,NA,NA,NA,NA,NA,NA
1844505072,2016-04-12,6697,4.429999828,4.429999828,2030,0,4.429999828,0,0,1101,NA,NA,NA,NA,NA,NA
1844505072,2016-04-13,4929,3.25999999,3.25999999,1860,0,3.25999999,0,0,1192,NA,NA,NA,NA,NA,NA
1844505072,2016-04-14,7937,5.25,5.25,2130,0,5.230000019,0,0,843,NA,NA,NA,NA,NA,NA
1844505072,2016-04-15,3844,2.539999962,2.539999962,1725,0,2.539999962,0,0,527,NA,NA,NA,1,644,961
1844505072,2016-04-16,3414,2.25999999,2.25999999,1657,0,2.25999999,0,0,1293,NA,NA,NA,NA,NA,NA
1844505072,2016-04-17,4525,2.99000001,2.99000001,1793,0.1400000006,2.589999914,0,2,1231,NA,NA,NA,NA,NA,NA
1844505072,2016-04-18,4597,3.039999962,3.039999962,1814,0,2.559999943,0,0,1211,NA,NA,NA,NA,NA,NA
1844505072,2016-04-19,197,0.1299999952,0.1299999952,1366,0,0.1299999952,0,0,1430,NA,NA,NA,NA,NA,NA
1844505072,2016-04-20,8,0.009999999776,0.009999999776,1349,0,0.009999999776,0,0,1439,NA,NA,NA,NA,NA,NA
1844505072,2016-04-21,8054,5.320000172,5.320000172,2062,0.1199999973,4.679999828,0,2,1117,NA,NA,NA,NA,NA,NA
1844505072,2016-04-22,5372,3.549999952,3.549999952,1827,0,3.549999952,0,0,1220,NA,NA,NA,NA,NA,NA
1844505072,2016-04-23,3570,2.359999895,2.359999895,1645,0,2.359999895,0,0,1301,NA,NA,NA,NA,NA,NA
1844505072,2016-04-24,0,0,0,1347,0,0,0,0,1440,NA,NA,NA,NA,NA,NA
1844505072,2016-04-25,0,0,0,1347,0,0,0,0,1440,NA,NA,NA,NA,NA,NA
1844505072,2016-04-26,0,0,0,1347,0,0,0,0,1440,NA,NA,NA,NA,NA,NA
1844505072,2016-04-27,4,0,0,1348,0,0,0,0,1439,NA,NA,NA,NA,NA,NA
1844505072,2016-04-28,6907,4.570000172,4.570000172,1992,0,4.559999943,0,0,1138,NA,NA,NA,NA,NA,NA
1844505072,2016-04-29,4920,3.25,3.25,1856,0,3.25,0,0,1082,NA,NA,NA,NA,NA,NA
1844505072,2016-04-30,4014,2.670000076,2.670000076,1763,0,2.650000095,0,0,218,NA,NA,NA,1,722,961
1844505072,2016-05-01,2573,1.700000048,1.700000048,1541,0,1.450000048,0,0,585,NA,NA,NA,1,590,961
1844505072,2016-05-02,0,0,0,1348,0,0,0,0,1440,NA,NA,NA,NA,NA,NA
1844505072,2016-05-03,4059,2.680000067,2.680000067,1742,0,2.680000067,0,0,1256,NA,NA,NA,NA,NA,NA
1844505072,2016-05-04,2080,1.370000005,1.370000005,1549,0,1.370000005,0,0,1353,NA,NA,NA,NA,NA,NA
1844505072,2016-05-05,2237,1.480000019,1.480000019,1589,0,1.480000019,0,0,1320,NA,NA,NA,NA,NA,NA
1844505072,2016-05-06,44,0.02999999933,0.02999999933,1351,0,0.02999999933,0,0,1438,NA,NA,NA,NA,NA,NA
1844505072,2016-05-07,0,0,0,1347,0,0,0,0,1440,NA,NA,NA,NA,NA,NA
1844505072,2016-05-08,0,0,0,1347,0,0,0,0,1440,NA,NA,NA,NA,NA,NA
1844505072,2016-05-09,0,0,0,1347,0,0,0,0,1440,NA,NA,NA,NA,NA,NA
1844505072,2016-05-10,0,0,0,1347,0,0,0,0,1440,NA,NA,NA,NA,NA,NA
1844505072,2016-05-11,0,0,0,1347,0,0,0,0,1440,NA,NA,NA,NA,NA,NA
1844505072,2016-05-12,0,0,0,665,0,0,0,0,711,NA,NA,NA,NA,NA,NA
1927972279,2016-04-12,678,0.4699999988,0.4699999988,2220,0,0.4699999988,0,0,734,NA,NA,NA,3,750,775
1927972279,2016-04-13,356,0.25,0.25,2151,0,0.25,0,0,986,133.5,47.54000092,FALSE,1,398,422
1927972279,2016-04-14,2163,1.5,1.5,2383,0,1.100000024,0,0,1292,NA,NA,NA,NA,NA,NA
1927972279,2016-04-15,980,0.6800000072,0.6800000072,2221,0,0.6800000072,0,0,941,NA,NA,NA,2,475,499
1927972279,2016-04-16,0,0,0,2064,0,0,0,0,1440,NA,NA,NA,NA,NA,NA
1927972279,2016-04-17,0,0,0,2063,0,0,0,0,1440,NA,NA,NA,NA,NA,NA
1927972279,2016-04-18,244,0.1700000018,0.1700000018,2111,0,0.1700000018,0,0,1423,NA,NA,NA,NA,NA,NA
1927972279,2016-04-19,0,0,0,2063,0,0,0,0,1440,NA,NA,NA,NA,NA,NA
1927972279,2016-04-20,0,0,0,2063,0,0,0,0,1440,NA,NA,NA,NA,NA,NA
1927972279,2016-04-21,0,0,0,2064,0,0,0,0,1440,NA,NA,NA,NA,NA,NA
1927972279,2016-04-22,149,0.1000000015,0.1000000015,2093,0,0.1000000015,0,0,1430,NA,NA,NA,NA,NA,NA
1927972279,2016-04-23,2945,2.039999962,2.039999962,2499,0,2.039999962,0,0,1295,NA,NA,NA,NA,NA,NA
1927972279,2016-04-24,2090,1.450000048,1.450000048,2324,0.0700000003,1.139999986,0,1,1358,NA,NA,NA,NA,NA,NA
1927972279,2016-04-25,152,0.1099999994,0.1099999994,2100,0,0.1099999994,0,0,1303,NA,NA,NA,NA,NA,NA
1927972279,2016-04-26,3761,2.599999905,2.599999905,2638,0,2.599999905,0,0,1058,NA,NA,NA,1,296,315
1927972279,2016-04-27,0,0,0,2063,0,0,0,0,1440,NA,NA,NA,NA,NA,NA
1927972279,2016-04-28,1675,1.159999967,1.159999967,2351,0,1.159999967,0,0,1167,NA,NA,NA,1,166,178
1927972279,2016-04-29,0,0,0,2063,0,0,0,0,1440,NA,NA,NA,NA,NA,NA
1927972279,2016-04-30,0,0,0,2064,0,0,0,0,1440,NA,NA,NA,NA,NA,NA
1927972279,2016-05-01,2704,1.870000005,1.870000005,2411,1.00999999,0.8299999833,0,14,1355,NA,NA,NA,NA,NA,NA
1927972279,2016-05-02,3790,2.619999886,2.619999886,2505,1.159999967,1.159999967,0,16,1322,NA,NA,NA,NA,NA,NA
1927972279,2016-05-03,1326,0.9200000167,0.9200000167,2195,0.7300000191,0.1800000072,0,10,1413,NA,NA,NA,NA,NA,NA
1927972279,2016-05-04,1786,1.24000001,1.24000001,2338,0,1.24000001,0,0,1353,NA,NA,NA,NA,NA,NA
1927972279,2016-05-05,0,0,0,2063,0,0,0,0,1440,NA,NA,NA,NA,NA,NA
1927972279,2016-05-06,2091,1.450000048,1.450000048,2383,0,1.450000048,0,0,1332,NA,NA,NA,NA,NA,NA
1927972279,2016-05-07,1510,1.039999962,1.039999962,2229,0,1.039999962,0,0,1392,NA,NA,NA,NA,NA,NA
1927972279,2016-05-08,0,0,0,2063,0,0,0,0,1440,NA,NA,NA,NA,NA,NA
1927972279,2016-05-09,0,0,0,2063,0,0,0,0,1440,NA,NA,NA,NA,NA,NA
1927972279,2016-05-10,0,0,0,2063,0,0,0,0,1440,NA,NA,NA,NA,NA,NA
1927972279,2016-05-11,0,0,0,2063,0,0,0,0,1440,NA,NA,NA,NA,NA,NA
1927972279,2016-05-12,0,0,0,1383,0,0,0,0,966,NA,NA,NA,NA,NA,NA
2022484408,2016-04-12,11875,8.340000153,8.340000153,2390,3.309999943,4.260000229,0,42,1157,NA,NA,NA,NA,NA,NA
2022484408,2016-04-13,12024,8.5,8.5,2601,2.99000001,5.409999847,0,43,1100,NA,NA,NA,NA,NA,NA
2022484408,2016-04-14,10690,7.5,7.5,2312,2.480000019,4.820000172,0,32,1148,NA,NA,NA,NA,NA,NA
2022484408,2016-04-15,11034,8.029999733,8.029999733,2525,1.940000057,5.78000021,0,27,1122,NA,NA,NA,NA,NA,NA
2022484408,2016-04-16,10100,7.090000153,7.090000153,2177,3.150000095,3.390000105,0,41,1237,NA,NA,NA,NA,NA,NA
2022484408,2016-04-17,15112,11.39999962,11.39999962,2782,3.869999886,6.880000114,0,28,1052,NA,NA,NA,NA,NA,NA
2022484408,2016-04-18,14131,10.06999969,10.06999969,2770,3.640000105,6.300000191,0,48,1078,NA,NA,NA,NA,NA,NA
2022484408,2016-04-19,11548,8.529999733,8.529999733,2489,3.289999962,5,0,31,1152,NA,NA,NA,NA,NA,NA
2022484408,2016-04-20,15112,10.67000008,10.67000008,2897,3.339999914,5.400000095,0,48,1053,NA,NA,NA,NA,NA,NA
2022484408,2016-04-21,12453,8.739999771,8.739999771,3158,3.329999924,4.309999943,0,104,1028,NA,NA,NA,NA,NA,NA
2022484408,2016-04-22,12954,9.329999924,9.329999924,2638,4.429999828,4.46999979,0,52,1105,NA,NA,NA,NA,NA,NA
2022484408,2016-04-23,6001,4.210000038,4.210000038,2069,0,4.210000038,0,0,1191,NA,NA,NA,NA,NA,NA
2022484408,2016-04-24,13481,10.27999973,10.27999973,2529,4.550000191,4.579999924,0,37,1161,NA,NA,NA,NA,NA,NA
2022484408,2016-04-25,11369,8.010000229,8.010000229,2470,3.329999924,4.460000038,0,44,1171,NA,NA,NA,NA,NA,NA
2022484408,2016-04-26,10119,7.190000057,7.190000057,2793,1.429999948,5.110000134,0,55,1086,NA,NA,NA,NA,NA,NA
2022484408,2016-04-27,10159,7.130000114,7.130000114,2463,1.039999962,5.119999886,0,19,1119,NA,NA,NA,NA,NA,NA
2022484408,2016-04-28,10140,7.119999886,7.119999886,2296,0.4099999964,5.389999866,0,6,1123,NA,NA,NA,NA,NA,NA
2022484408,2016-04-29,10245,7.190000057,7.190000057,2611,0.4799999893,5.5,0,21,1098,NA,NA,NA,NA,NA,NA
2022484408,2016-04-30,18387,12.90999985,12.90999985,2732,0.9399999976,10.56999969,0,13,1043,NA,NA,NA,NA,NA,NA
2022484408,2016-05-01,10538,7.400000095,7.400000095,2380,1.940000057,4.5,0,25,1142,NA,NA,NA,NA,NA,NA
2022484408,2016-05-02,10379,7.289999962,7.289999962,2473,2.609999895,4.329999924,0,36,1119,NA,NA,NA,NA,NA,NA
2022484408,2016-05-03,12183,8.739999771,8.739999771,2752,3.99000001,4.28000021,0,72,1104,NA,NA,NA,NA,NA,NA
2022484408,2016-05-04,11768,8.289999962,8.289999962,2649,2.50999999,4.849999905,0,36,1105,NA,NA,NA,NA,NA,NA
2022484408,2016-05-05,11895,8.350000381,8.350000381,2609,2.789999962,4.699999809,0,55,1112,NA,NA,NA,NA,NA,NA
2022484408,2016-05-06,10227,7.179999828,7.179999828,2498,1.870000005,4.639999866,0,24,1104,NA,NA,NA,NA,NA,NA
2022484408,2016-05-07,6708,4.710000038,4.710000038,1995,1.610000014,3.019999981,0,20,1269,NA,NA,NA,NA,NA,NA
2022484408,2016-05-08,3292,2.309999943,2.309999943,1848,0,2.309999943,0,0,1305,NA,NA,NA,NA,NA,NA
2022484408,2016-05-09,13379,9.390000343,9.390000343,2709,2.119999886,5.639999866,0,35,1061,NA,NA,NA,NA,NA,NA
2022484408,2016-05-10,12798,8.979999542,8.979999542,2797,2.220000029,5.559999943,0,57,1084,NA,NA,NA,NA,NA,NA
2022484408,2016-05-11,13272,9.319999695,9.319999695,2544,4.179999828,3.99000001,0,58,1133,NA,NA,NA,NA,NA,NA
2022484408,2016-05-12,9117,6.409999847,6.409999847,1853,1.279999971,4.440000057,0,16,728,NA,NA,NA,NA,NA,NA
2026352035,2016-04-12,4414,2.74000001,2.74000001,1459,0.1899999976,2.200000048,0,3,706,NA,NA,NA,1,503,546
2026352035,2016-04-13,4993,3.099999905,3.099999905,1521,0,3.099999905,0,0,663,NA,NA,NA,1,531,565
2026352035,2016-04-14,3335,2.069999933,2.069999933,1431,0,2.049999952,0,0,653,NA,NA,NA,1,545,568
2026352035,2016-04-15,3821,2.369999886,2.369999886,1444,0,2.369999886,0,0,687,NA,NA,NA,1,523,573
2026352035,2016-04-16,2547,1.580000043,1.580000043,1373,0,1.580000043,0,0,728,NA,NA,NA,1,524,567
2026352035,2016-04-17,838,0.5199999809,0.5199999809,1214,0,0.5199999809,0,0,1053,NA,NA,NA,1,437,498
2026352035,2016-04-18,3325,2.059999943,2.059999943,1419,0,2.059999943,0,0,1062,NA,NA,NA,NA,NA,NA
2026352035,2016-04-19,2424,1.5,1.5,1356,0,1.5,0,0,785,NA,NA,NA,1,498,540
2026352035,2016-04-20,7222,4.480000019,4.480000019,1667,0,4.480000019,0,0,623,NA,NA,NA,1,461,510
2026352035,2016-04-21,2467,1.529999971,1.529999971,1370,0,1.529999971,0,0,749,NA,NA,NA,1,477,514
2026352035,2016-04-22,2915,1.809999943,1.809999943,1399,0,1.809999943,0,0,712,NA,NA,NA,1,520,545
2026352035,2016-04-23,12357,7.710000038,7.710000038,1916,0,7.710000038,0,0,458,NA,NA,NA,1,522,554
2026352035,2016-04-24,3490,2.160000086,2.160000086,1401,0,2.160000086,0,0,704,NA,NA,NA,1,555,591
2026352035,2016-04-25,6017,3.730000019,3.730000019,1576,0,3.730000019,0,0,821,NA,NA,NA,1,506,531
2026352035,2016-04-26,5933,3.680000067,3.680000067,1595,0,3.680000067,0,0,1018,NA,NA,NA,NA,NA,NA
2026352035,2016-04-27,6088,3.769999981,3.769999981,1593,0,3.769999981,0,0,586,NA,NA,NA,1,508,545
2026352035,2016-04-28,6375,3.950000048,3.950000048,1649,0,3.950000048,0,0,626,NA,NA,NA,1,513,545
2026352035,2016-04-29,7604,4.710000038,4.710000038,1692,0,4.710000038,0,0,492,NA,NA,NA,1,490,510
2026352035,2016-04-30,4729,2.930000067,2.930000067,1506,0,2.930000067,0,0,594,NA,NA,NA,1,573,607
2026352035,2016-05-01,3609,2.279999971,2.279999971,1447,0,2.279999971,0,0,716,NA,NA,NA,1,527,546
2026352035,2016-05-02,7018,4.349999905,4.349999905,1690,0,4.349999905,0,0,716,NA,NA,NA,1,511,543
2026352035,2016-05-03,5992,3.720000029,3.720000029,1604,0,3.720000029,0,0,981,NA,NA,NA,NA,NA,NA
2026352035,2016-05-04,6564,4.070000172,4.070000172,1658,0,4.070000172,0,0,530,NA,NA,NA,1,538,560
2026352035,2016-05-05,12167,7.539999962,7.539999962,1926,0,7.539999962,0,0,479,NA,NA,NA,1,468,485
2026352035,2016-05-06,8198,5.079999924,5.079999924,1736,0,5.079999924,0,0,511,NA,NA,NA,1,524,548
2026352035,2016-05-07,4193,2.599999905,2.599999905,1491,0,2.599999905,0,0,665,NA,NA,NA,1,511,521
2026352035,2016-05-08,5528,3.450000048,3.450000048,1555,0,3.450000048,0,0,610,NA,NA,NA,1,541,568
2026352035,2016-05-09,10685,6.619999886,6.619999886,1869,0,6.599999905,0,0,543,NA,NA,NA,1,531,556
2026352035,2016-05-10,254,0.1599999964,0.1599999964,1141,0,0.1599999964,0,0,1002,NA,NA,NA,1,357,380
2026352035,2016-05-11,8580,5.320000172,5.320000172,1698,0,5.320000172,0,0,569,NA,NA,NA,1,523,553
2026352035,2016-05-12,8891,5.510000229,5.510000229,1364,0,5.510000229,0,0,330,NA,NA,NA,1,456,485
2320127002,2016-04-12,10725,7.489999771,7.489999771,2124,1.169999957,6.010000229,0,13,1112,NA,NA,NA,NA,NA,NA
2320127002,2016-04-13,7275,4.900000095,4.900000095,2003,0,4.900000095,0,0,1105,NA,NA,NA,NA,NA,NA
2320127002,2016-04-14,3973,2.680000067,2.680000067,1696,0,2.680000067,0,0,1249,NA,NA,NA,NA,NA,NA
2320127002,2016-04-15,5205,3.50999999,3.50999999,1801,0,3.50999999,0,0,1195,NA,NA,NA,NA,NA,NA
2320127002,2016-04-16,5057,3.410000086,3.410000086,1724,0,3.400000095,0,0,1245,NA,NA,NA,NA,NA,NA
2320127002,2016-04-17,6198,4.179999828,4.179999828,1852,0,4.179999828,0,0,1191,NA,NA,NA,NA,NA,NA
2320127002,2016-04-18,6559,4.420000076,4.420000076,1905,0,4.139999866,0,0,1173,NA,NA,NA,NA,NA,NA
2320127002,2016-04-19,5997,4.039999962,4.039999962,1811,0,3.660000086,0,0,1201,NA,NA,NA,NA,NA,NA
2320127002,2016-04-20,7192,4.849999905,4.849999905,1922,0,4.340000153,0,0,1146,NA,NA,NA,NA,NA,NA
2320127002,2016-04-21,3404,2.289999962,2.289999962,1610,0.05999999866,1.809999943,0,1,1302,NA,NA,NA,NA,NA,NA
2320127002,2016-04-22,5583,3.75999999,3.75999999,1851,0,3.75999999,0,0,1174,NA,NA,NA,NA,NA,NA
2320127002,2016-04-23,5079,3.420000076,3.420000076,1804,0,3.420000076,0,0,1129,NA,NA,NA,1,61,69
2320127002,2016-04-24,4165,2.809999943,2.809999943,1725,0,2.799999952,0,0,1236,NA,NA,NA,NA,NA,NA
2320127002,2016-04-25,3588,2.420000076,2.420000076,1654,0.2300000042,1.99000001,0,3,1280,NA,NA,NA,NA,NA,NA
2320127002,2016-04-26,3409,2.299999952,2.299999952,1632,0,2.299999952,0,0,1293,NA,NA,NA,NA,NA,NA
2320127002,2016-04-27,1715,1.159999967,1.159999967,1481,0,1.159999967,0,0,1358,NA,NA,NA,NA,NA,NA
2320127002,2016-04-28,1532,1.029999971,1.029999971,1473,0,1.029999971,0,0,1364,NA,NA,NA,NA,NA,NA
2320127002,2016-04-29,924,0.6200000048,0.6200000048,1410,0,0.6200000048,0,0,1395,NA,NA,NA,NA,NA,NA
2320127002,2016-04-30,4571,3.079999924,3.079999924,1779,0,3.069999933,0,0,1206,NA,NA,NA,NA,NA,NA
2320127002,2016-05-01,772,0.5199999809,0.5199999809,1403,0,0.5199999809,0,0,1400,NA,NA,NA,NA,NA,NA
2320127002,2016-05-02,3634,2.450000048,2.450000048,1613,0.3600000143,1.879999995,0,5,1306,NA,NA,NA,NA,NA,NA
2320127002,2016-05-03,7443,5.019999981,5.019999981,1878,1.49000001,3.160000086,0,20,1204,NA,NA,NA,NA,NA,NA
2320127002,2016-05-04,1201,0.8100000024,0.8100000024,1426,0,0.8100000024,0,0,1388,NA,NA,NA,NA,NA,NA
2320127002,2016-05-05,5202,3.50999999,3.50999999,1780,0,3.109999895,0,0,1206,NA,NA,NA,NA,NA,NA
2320127002,2016-05-06,4878,3.289999962,3.289999962,1742,0,3.289999962,0,0,1236,NA,NA,NA,NA,NA,NA
2320127002,2016-05-07,7379,4.96999979,4.96999979,1972,0,4.96999979,0,0,1121,NA,NA,NA,NA,NA,NA
2320127002,2016-05-08,5161,3.480000019,3.480000019,1821,0,3.470000029,0,0,1193,NA,NA,NA,NA,NA,NA
2320127002,2016-05-09,3090,2.079999924,2.079999924,1630,0,2.079999924,0,0,1295,NA,NA,NA,NA,NA,NA
2320127002,2016-05-10,6227,4.199999809,4.199999809,1899,0,4.199999809,0,0,1150,NA,NA,NA,NA,NA,NA
2320127002,2016-05-11,6424,4.329999924,4.329999924,1903,0,4.329999924,0,0,1140,NA,NA,NA,NA,NA,NA
2320127002,2016-05-12,2661,1.789999962,1.789999962,1125,0,1.789999962,0,0,830,NA,NA,NA,NA,NA,NA
2347167796,2016-04-12,10113,6.829999924,6.829999924,2344,2,4.199999809,0,28,964,NA,NA,NA,NA,NA,NA
2347167796,2016-04-13,10352,7.010000229,7.010000229,2038,1.659999967,3.410000086,0,19,676,NA,NA,NA,1,467,531
2347167796,2016-04-14,10129,6.699999809,6.699999809,2010,0.01999999955,3.940000057,0,1,705,NA,NA,NA,1,445,489
2347167796,2016-04-15,10465,6.920000076,6.920000076,2133,0.0700000003,5.429999828,0,1,720,NA,NA,NA,1,452,504
2347167796,2016-04-16,22244,15.07999992,15.07999992,2670,5.449999809,5.53000021,0,66,968,NA,NA,NA,NA,NA,NA
2347167796,2016-04-17,5472,3.619999886,3.619999886,1882,0.07999999821,3.25999999,0,1,508,NA,NA,NA,1,556,602
2347167796,2016-04-18,8247,5.449999809,5.449999809,1944,0.7900000215,3.789999962,0,11,678,NA,NA,NA,1,500,557
2347167796,2016-04-19,6711,4.440000057,4.440000057,2346,0,4.440000057,0,0,648,NA,NA,NA,1,465,514
2347167796,2016-04-20,10999,7.269999981,7.269999981,2198,0.6800000072,4.78000021,0,11,1011,NA,NA,NA,NA,NA,NA
2347167796,2016-04-21,10080,6.75,6.75,2048,1.850000024,3.380000114,0,23,761,NA,NA,NA,1,460,484
2347167796,2016-04-22,7804,5.159999847,5.159999847,1946,0.5600000024,2.920000076,0,9,781,NA,NA,NA,1,405,461
2347167796,2016-04-23,16901,11.36999989,11.36999989,2629,2.779999971,7.150000095,0,32,591,NA,NA,NA,1,374,386
2347167796,2016-04-24,9471,6.260000229,6.260000229,2187,0,6.260000229,0,0,584,NA,NA,NA,1,442,459
2347167796,2016-04-25,9482,6.380000114,6.380000114,2095,1.269999981,4.599999905,0,15,653,NA,NA,NA,1,433,471
2347167796,2016-04-26,5980,3.950000048,3.950000048,1861,0,3.950000048,0,0,732,NA,NA,NA,1,436,490
2347167796,2016-04-27,11423,7.579999924,7.579999924,2194,1.860000014,5.320000172,0,26,623,NA,NA,NA,1,448,499
2347167796,2016-04-28,5439,3.599999905,3.599999905,1854,0,3.599999905,0,0,764,NA,NA,NA,1,408,450
2347167796,2016-04-29,42,0.02999999933,0.02999999933,403,0,0.02999999933,0,0,2,NA,NA,NA,1,411,473
2873212765,2016-04-12,8796,5.909999847,5.909999847,1982,0.1099999994,4.880000114,0,2,1061,NA,NA,NA,NA,NA,NA
2873212765,2016-04-13,7618,5.119999886,5.119999886,2004,0,4.880000114,0.01999999955,0,1028,NA,NA,NA,NA,NA,NA
2873212765,2016-04-14,7910,5.320000172,5.320000172,1893,0,5.320000172,0,0,1109,NA,NA,NA,NA,NA,NA
2873212765,2016-04-15,8482,5.699999809,5.699999809,2063,0,5.690000057,0.009999999776,0,992,NA,NA,NA,NA,NA,NA
2873212765,2016-04-16,9685,6.650000095,6.650000095,2148,3.109999895,3.50999999,0.009999999776,47,1087,NA,NA,NA,NA,NA,NA
2873212765,2016-04-17,2524,1.700000048,1.700000048,1529,0,1.340000033,0,0,1272,NA,NA,NA,NA,NA,NA
2873212765,2016-04-18,7762,5.239999771,5.239999771,1890,0.0700000003,4.889999866,0,1,1122,NA,NA,NA,NA,NA,NA
2873212765,2016-04-19,7948,5.369999886,5.369999886,1956,0,5.360000134,0,0,1051,NA,NA,NA,NA,NA,NA
2873212765,2016-04-20,9202,6.300000191,6.300000191,2094,1.50999999,4.659999847,0.009999999776,22,1035,NA,NA,NA,NA,NA,NA
2873212765,2016-04-21,8859,5.980000019,5.980000019,1970,0.1299999952,5.46999979,0.009999999776,2,1057,56.70000076,21.45000076,TRUE,NA,NA,NA
2873212765,2016-04-22,7286,4.900000095,4.900000095,2241,0.4600000083,4.420000076,0.01999999955,46,1028,NA,NA,NA,NA,NA,NA
2873212765,2016-04-23,9317,6.349999905,6.349999905,2021,2.089999914,4.019999981,0.009999999776,28,1077,NA,NA,NA,NA,NA,NA
2873212765,2016-04-24,6873,4.679999828,4.679999828,1898,3,1.620000005,0,46,1203,NA,NA,NA,NA,NA,NA
2873212765,2016-04-25,7373,4.949999809,4.949999809,1907,0,4.949999809,0,0,1081,NA,NA,NA,NA,NA,NA
2873212765,2016-04-26,8242,5.539999962,5.539999962,1882,0.1199999973,5.239999771,0,2,1124,NA,NA,NA,NA,NA,NA
2873212765,2016-04-27,3516,2.359999895,2.359999895,1966,0,2.359999895,0,46,1197,NA,NA,NA,NA,NA,NA
2873212765,2016-04-28,7913,5.409999847,5.409999847,1835,2.160000086,2.910000086,0,28,1192,NA,NA,NA,NA,NA,NA
2873212765,2016-04-29,7365,4.949999809,4.949999809,1780,1.360000014,2.180000067,0,20,1191,NA,NA,NA,NA,NA,NA
2873212765,2016-04-30,8452,5.679999828,5.679999828,1830,0.3300000131,4.260000229,0.009999999776,5,1167,NA,NA,NA,NA,NA,NA
2873212765,2016-05-01,7399,4.96999979,4.96999979,1739,0.4900000095,3.440000057,0,7,1219,NA,NA,NA,NA,NA,NA
2873212765,2016-05-02,7525,5.059999943,5.059999943,1878,0,4.829999924,0.01999999955,0,1099,NA,NA,NA,NA,NA,NA
2873212765,2016-05-03,7412,4.980000019,4.980000019,1906,0.05999999866,4.659999847,0.009999999776,1,1070,NA,NA,NA,NA,NA,NA
2873212765,2016-05-04,8278,5.559999943,5.559999943,2015,0,5.559999943,0,0,1020,NA,NA,NA,NA,NA,NA
2873212765,2016-05-05,8314,5.610000134,5.610000134,1971,0.7799999714,4.03000021,0,13,1093,NA,NA,NA,NA,NA,NA
2873212765,2016-05-06,7063,4.75,4.75,1910,0,4.610000134,0.009999999776,0,1065,NA,NA,NA,NA,NA,NA
2873212765,2016-05-07,4940,3.380000114,3.380000114,1897,2.279999971,0.5500000119,0,75,1302,NA,NA,NA,NA,NA,NA
2873212765,2016-05-08,8168,5.539999962,5.539999962,2096,2.900000095,2.640000105,0,46,1068,NA,NA,NA,NA,NA,NA
2873212765,2016-05-09,7726,5.190000057,5.190000057,1906,0,5.190000057,0,0,1095,NA,NA,NA,NA,NA,NA
2873212765,2016-05-10,8275,5.559999943,5.559999943,1962,0,5.550000191,0.009999999776,0,1067,NA,NA,NA,NA,NA,NA
2873212765,2016-05-11,6440,4.329999924,4.329999924,1826,0,4.320000172,0.009999999776,0,1121,NA,NA,NA,NA,NA,NA
2873212765,2016-05-12,7566,5.110000134,5.110000134,1431,0,5.110000134,0,0,720,57.29999924,21.69000053,TRUE,NA,NA,NA
3372868164,2016-04-12,4747,3.24000001,3.24000001,1788,0,3.230000019,0.009999999776,0,1160,NA,NA,NA,NA,NA,NA
3372868164,2016-04-13,9715,6.630000114,6.630000114,2093,0.9900000095,5.269999981,0.01999999955,16,1045,NA,NA,NA,NA,NA,NA
3372868164,2016-04-14,8844,6.03000021,6.03000021,2065,0.3400000036,4.650000095,0.009999999776,6,1039,NA,NA,NA,NA,NA,NA
3372868164,2016-04-15,7451,5.079999924,5.079999924,1908,0,5.059999943,0.01999999955,0,1105,NA,NA,NA,NA,NA,NA
3372868164,2016-04-16,6905,4.730000019,4.730000019,1908,0,4.699999809,0.02999999933,0,1084,NA,NA,NA,NA,NA,NA
3372868164,2016-04-17,8199,5.880000114,5.880000114,1964,1.409999967,4.360000134,0.009999999776,11,1105,NA,NA,NA,NA,NA,NA
3372868164,2016-04-18,6798,4.639999866,4.639999866,2014,1.080000043,3.349999905,0,20,1070,NA,NA,NA,NA,NA,NA
3372868164,2016-04-19,7711,5.260000229,5.260000229,1985,0,5.239999771,0.01999999955,0,1064,NA,NA,NA,NA,NA,NA
3372868164,2016-04-20,4880,3.329999924,3.329999924,1867,0.8399999738,2.380000114,0.01999999955,15,1148,NA,NA,NA,NA,NA,NA
3372868164,2016-04-21,8857,6.070000172,6.070000172,2124,1.149999976,4.639999866,0.009999999776,18,1037,NA,NA,NA,NA,NA,NA
3372868164,2016-04-22,3843,2.619999886,2.619999886,1669,0,2.609999895,0.009999999776,0,1234,NA,NA,NA,NA,NA,NA
3372868164,2016-04-23,7396,5.070000172,5.070000172,1995,1.399999976,3.579999924,0,20,1115,NA,NA,NA,NA,NA,NA
3372868164,2016-04-24,6731,4.590000153,4.590000153,1921,0.8899999857,3.49000001,0.01999999955,14,1127,NA,NA,NA,NA,NA,NA
3372868164,2016-04-25,5995,4.090000153,4.090000153,2010,0,4.090000153,0,0,1024,NA,NA,NA,NA,NA,NA
3372868164,2016-04-26,8283,5.789999962,5.789999962,2057,1.850000024,3.869999886,0.009999999776,22,1083,NA,NA,NA,NA,NA,NA
3372868164,2016-04-27,7904,5.420000076,5.420000076,2095,1.580000043,3.190000057,0.009999999776,24,1057,NA,NA,NA,NA,NA,NA
3372868164,2016-04-28,5512,3.75999999,3.75999999,1972,0,3.75999999,0,0,1055,NA,NA,NA,NA,NA,NA
3372868164,2016-04-29,9135,6.230000019,6.230000019,2044,0,6.21999979,0.009999999776,0,1038,NA,NA,NA,NA,NA,NA
3372868164,2016-04-30,5250,3.579999924,3.579999924,1946,1.059999943,2.420000076,0.009999999776,17,1119,NA,NA,NA,NA,NA,NA
3372868164,2016-05-01,3077,2.099999905,2.099999905,1237,0,2.089999914,0,0,842,NA,NA,NA,NA,NA,NA
3977333714,2016-04-12,8856,5.980000019,5.980000019,1450,3.059999943,2.00999999,0,44,777,NA,NA,NA,1,274,469
3977333714,2016-04-13,10035,6.710000038,6.710000038,1495,2.029999971,2.549999952,0,31,754,NA,NA,NA,2,295,456
3977333714,2016-04-14,7641,5.110000134,5.110000134,1433,0.3199999928,3.819999933,0,5,801,NA,NA,NA,1,291,397
3977333714,2016-04-15,9010,6.059999943,6.059999943,1468,1.049999952,3.25999999,0,15,644,NA,NA,NA,1,424,556
3977333714,2016-04-16,13459,9,9,1625,2.029999971,2.970000029,0,31,663,NA,NA,NA,1,283,510
3977333714,2016-04-17,10415,6.96999979,6.96999979,1529,0.6999999881,3.920000076,0,11,600,NA,NA,NA,1,381,566
3977333714,2016-04-18,11663,7.800000191,7.800000191,1584,0.25,3.819999933,0,4,605,NA,NA,NA,2,412,522
3977333714,2016-04-19,12414,8.779999733,8.779999733,1638,2.24000001,3.960000038,0,19,738,NA,NA,NA,1,219,395
3977333714,2016-04-20,11658,7.829999924,7.829999924,1554,0.200000003,3.279999971,0,2,845,NA,NA,NA,2,152,305
3977333714,2016-04-21,6093,4.079999924,4.079999924,1397,0,4.059999943,0,0,712,NA,NA,NA,1,332,512
3977333714,2016-04-22,8911,5.960000038,5.960000038,1481,2.329999924,3.059999943,0,33,731,NA,NA,NA,1,355,476
3977333714,2016-04-23,12058,8.069999695,8.069999695,1638,0,3.849999905,0,0,724,NA,NA,NA,1,235,372
3977333714,2016-04-24,14112,10,10,1655,3.269999981,2.170000076,0,30,660,NA,NA,NA,1,310,526
3977333714,2016-04-25,11177,8.479999542,8.479999542,1570,5.619999886,2.410000086,0,50,781,NA,NA,NA,1,262,467
3977333714,2016-04-26,11388,7.619999886,7.619999886,1551,0.4499999881,2.950000048,0,7,797,NA,NA,NA,1,250,371
3977333714,2016-04-27,7193,5.039999962,5.039999962,1377,0,4.619999886,0,0,714,NA,NA,NA,1,349,540
3977333714,2016-04-28,7114,4.880000114,4.880000114,1407,1.370000005,3.220000029,0,15,804,NA,NA,NA,1,261,423
3977333714,2016-04-29,10645,7.75,7.75,1545,3.74000001,2.710000038,0,36,744,NA,NA,NA,1,333,478
3977333714,2016-04-30,13238,9.199999809,9.199999809,1650,3.690000057,3.410000086,0,43,687,NA,NA,NA,1,237,382
3977333714,2016-05-01,10414,7.070000172,7.070000172,1501,2.670000076,2.410000086,0,41,691,NA,NA,NA,1,383,626
3977333714,2016-05-02,16520,11.05000019,11.05000019,1760,1.539999962,3.019999981,0,24,713,NA,NA,NA,1,230,384
3977333714,2016-05-03,14335,9.590000153,9.590000153,1710,3.319999933,4.53000021,0,47,594,NA,NA,NA,1,292,500
3977333714,2016-05-04,13559,9.43999958,9.43999958,1628,1.809999943,2.890000105,0,14,852,NA,NA,NA,1,213,336
3977333714,2016-05-05,12312,8.579999924,8.579999924,1618,1.75999999,2.710000038,0,14,680,NA,NA,NA,1,318,480
3977333714,2016-05-06,11677,8.279999733,8.279999733,1590,3.109999895,2.670000076,0,29,676,NA,NA,NA,1,323,512
3977333714,2016-05-07,11550,7.730000019,7.730000019,1574,0,3.589999914,0,0,703,NA,NA,NA,1,237,443
3977333714,2016-05-08,13585,9.090000153,9.090000153,1633,0.6800000072,3.170000076,0,9,688,NA,NA,NA,2,259,456
3977333714,2016-05-09,14687,10.07999992,10.07999992,1667,0.7699999809,3.549999952,0,8,1159,NA,NA,NA,NA,NA,NA
3977333714,2016-05-10,13072,8.779999733,8.779999733,1630,0.0700000003,3.309999943,0,1,676,NA,NA,NA,1,312,452
3977333714,2016-05-11,746,0.5,0.5,52,0.3700000048,0.1299999952,0,4,13,NA,NA,NA,NA,NA,NA
4020332650,2016-04-12,8539,6.119999886,6.119999886,3654,0.150000006,5.679999828,0,4,712,NA,NA,NA,1,501,541
4020332650,2016-04-13,0,0,0,1981,0,0,0,0,1440,NA,NA,NA,NA,NA,NA
4020332650,2016-04-14,108,0.07999999821,0.07999999821,2011,0,0.02999999933,0,0,1437,NA,NA,NA,NA,NA,NA
4020332650,2016-04-15,1882,1.350000024,1.350000024,2951,0.2099999934,0.7699999809,0,36,1299,NA,NA,NA,NA,NA,NA
4020332650,2016-04-16,1982,1.419999957,1.419999957,3051,0.4499999881,0.5899999738,0,65,1222,NA,NA,NA,1,77,77
4020332650,2016-04-17,16,0.009999999776,0.009999999776,1990,0,0.009999999776,0,0,1438,NA,NA,NA,NA,NA,NA
4020332650,2016-04-18,62,0.03999999911,0.03999999911,1995,0,0.03999999911,0,0,1438,NA,NA,NA,NA,NA,NA
4020332650,2016-04-19,0,0,0,1980,0,0,0,0,1440,NA,NA,NA,NA,NA,NA
4020332650,2016-04-20,0,0,0,1980,0,0,0,0,1440,NA,NA,NA,NA,NA,NA
4020332650,2016-04-21,0,0,0,1980,0,0,0,0,1440,NA,NA,NA,NA,NA,NA
4020332650,2016-04-22,0,0,0,1980,0,0,0,0,1440,NA,NA,NA,NA,NA,NA
4020332650,2016-04-23,0,0,0,1980,0,0,0,0,1440,NA,NA,NA,NA,NA,NA
4020332650,2016-04-24,0,0,0,1980,0,0,0,0,1440,NA,NA,NA,NA,NA,NA
4020332650,2016-04-25,0,0,0,1980,0,0,0,0,1440,NA,NA,NA,NA,NA,NA
4020332650,2016-04-26,0,0,0,1980,0,0,0,0,1440,NA,NA,NA,NA,NA,NA
4020332650,2016-04-27,0,0,0,1980,0,0,0,0,1440,NA,NA,NA,NA,NA,NA
4020332650,2016-04-28,0,0,0,1980,0,0,0,0,1440,NA,NA,NA,NA,NA,NA
4020332650,2016-04-29,0,0,0,1980,0,0,0,0,1440,NA,NA,NA,NA,NA,NA
4020332650,2016-04-30,0,0,0,1980,0,0,0,0,1440,NA,NA,NA,NA,NA,NA
4020332650,2016-05-01,0,0,0,1980,0,0,0,0,1440,NA,NA,NA,NA,NA,NA
4020332650,2016-05-02,475,0.3400000036,0.3400000036,2207,0,0.2899999917,0,0,1350,NA,NA,NA,NA,NA,NA
4020332650,2016-05-03,4496,3.220000029,3.220000029,2828,0,3.150000095,0.05000000075,0,950,NA,NA,NA,1,322,332
4020332650,2016-05-04,10252,7.349999905,7.349999905,3879,0.6700000167,5.579999924,0,13,531,NA,NA,NA,1,478,536
4020332650,2016-05-05,11728,8.430000305,8.430000305,3429,2.619999886,4.039999962,0.0700000003,38,916,NA,NA,NA,1,226,248
4020332650,2016-05-06,4369,3.130000114,3.130000114,2704,0,3.099999905,0.009999999776,0,855,NA,NA,NA,1,385,408
4020332650,2016-05-07,6132,4.400000095,4.400000095,2975,0,3.579999924,0,0,1256,NA,NA,NA,NA,NA,NA
4020332650,2016-05-08,5862,4.199999809,4.199999809,3089,0,4.150000095,0,0,775,NA,NA,NA,1,364,402
4020332650,2016-05-09,4556,3.269999981,3.269999981,2785,0.200000003,2.940000057,0,3,1225,NA,NA,NA,NA,NA,NA
4020332650,2016-05-10,5546,3.980000019,3.980000019,2926,0,3.869999886,0.03999999911,0,774,NA,NA,NA,1,442,494
4020332650,2016-05-11,3689,2.650000095,2.650000095,2645,0.1099999994,2.329999924,0,2,1296,NA,NA,NA,NA,NA,NA
4020332650,2016-05-12,590,0.4199999869,0.4199999869,1120,0,0.4099999964,0,0,721,NA,NA,NA,NA,NA,NA
4057192912,2016-04-12,5394,4.03000021,4.03000021,2286,0,3.940000057,0,0,1276,NA,NA,NA,NA,NA,NA
4057192912,2016-04-13,5974,4.46999979,4.46999979,2306,0,4.369999886,0,0,1280,NA,NA,NA,NA,NA,NA
4057192912,2016-04-14,0,0,0,1776,0,0,0,0,1440,NA,NA,NA,NA,NA,NA
4057192912,2016-04-15,3984,2.950000048,2.950000048,1527,0.2099999934,2.440000057,0,3,873,NA,NA,NA,NA,NA,NA
4319703577,2016-04-12,7753,5.199999809,5.199999809,2115,0,0,0,0,1440,NA,NA,NA,NA,NA,NA
4319703577,2016-04-13,8204,5.5,5.5,2135,0.5299999714,1.309999943,0,8,1234,NA,NA,NA,NA,NA,NA
4319703577,2016-04-14,10210,6.880000114,6.880000114,2302,0.1099999994,6.440000057,0,1,589,NA,NA,NA,1,535,557
4319703577,2016-04-15,5664,3.799999952,3.799999952,1985,0,3.799999952,0,0,752,NA,NA,NA,1,465,491
4319703577,2016-04-16,4744,3.180000067,3.180000067,1884,0,3.180000067,0,0,724,NA,NA,NA,1,506,522
4319703577,2016-04-17,29,0.01999999955,0.01999999955,1464,0,0.01999999955,0,0,1363,72.40000153,27.45000076,TRUE,NA,NA,NA
4319703577,2016-04-18,2276,1.549999952,1.549999952,1632,0.0700000003,1.120000005,0,1,824,NA,NA,NA,1,515,551
4319703577,2016-04-19,8925,5.989999771,5.989999771,2200,0,5.989999771,0,0,604,NA,NA,NA,2,461,498
4319703577,2016-04-20,8954,6.010000229,6.010000229,2220,0,5.309999943,0,0,671,NA,NA,NA,1,523,543
4319703577,2016-04-21,3702,2.480000019,2.480000019,1792,0,0.349999994,0,0,1265,NA,NA,NA,1,59,65
4319703577,2016-04-22,4500,3.019999981,3.019999981,1886,0.05999999866,2.150000095,0,1,709,NA,NA,NA,1,533,550
4319703577,2016-04-23,4935,3.309999943,3.309999943,1945,0,3.309999943,0,0,546,NA,NA,NA,1,692,722
4319703577,2016-04-24,4081,2.74000001,2.74000001,1880,0.05999999866,2.470000029,0,1,692,NA,NA,NA,1,467,501
4319703577,2016-04-25,9259,6.210000038,6.210000038,2314,0,5.929999828,0,0,544,NA,NA,NA,1,488,506
4319703577,2016-04-26,9899,6.639999866,6.639999866,2236,0.5699999928,5.150000095,0,8,649,NA,NA,NA,1,505,516
4319703577,2016-04-27,10780,7.230000019,7.230000019,2324,0.4099999964,4.909999847,0,6,680,NA,NA,NA,1,286,307
4319703577,2016-04-28,10817,7.28000021,7.28000021,2367,1.00999999,5.940000057,0,13,552,NA,NA,NA,1,497,522
4319703577,2016-04-29,7990,5.360000134,5.360000134,2175,0.4499999881,4.119999886,0,6,624,NA,NA,NA,1,523,546
4319703577,2016-04-30,8221,5.519999981,5.519999981,2092,0.400000006,3.50999999,0,6,695,NA,NA,NA,1,490,516
4319703577,2016-05-01,1251,0.8399999738,0.8399999738,1593,0,0.8399999738,0,0,836,NA,NA,NA,1,484,500
4319703577,2016-05-02,9261,6.239999771,6.239999771,2270,0,5.710000038,0,0,585,NA,NA,NA,1,478,506
4319703577,2016-05-03,9648,6.46999979,6.46999979,2235,0.5799999833,4.829999924,0,8,669,NA,NA,NA,1,474,512
4319703577,2016-05-04,10429,7.019999981,7.019999981,2282,0.5899999738,5.849999905,0,8,1106,72.30000305,27.37999916,TRUE,NA,NA,NA
4319703577,2016-05-05,13658,9.489999771,9.489999771,2530,2.630000114,5.449999809,0,27,957,NA,NA,NA,NA,NA,NA
4319703577,2016-05-06,9524,6.420000076,6.420000076,2266,0.4099999964,5.460000038,0,6,692,NA,NA,NA,1,450,491
4319703577,2016-05-07,7937,5.329999924,5.329999924,2158,0.1899999976,4.079999924,0,3,586,NA,NA,NA,1,507,530
4319703577,2016-05-08,3672,2.460000038,2.460000038,1792,0,2.460000038,0,0,603,NA,NA,NA,1,602,638
4319703577,2016-05-09,10378,6.960000038,6.960000038,2345,0.1400000006,6.25,0,2,490,NA,NA,NA,1,535,565
4319703577,2016-05-10,9487,6.369999886,6.369999886,2260,0.2099999934,5.699999809,0,3,555,NA,NA,NA,1,487,517
4319703577,2016-05-11,9129,6.130000114,6.130000114,2232,0.200000003,5.179999828,0,3,574,NA,NA,NA,1,529,558
4319703577,2016-05-12,17,0.009999999776,0.009999999776,257,0,0.009999999776,0,0,0,NA,NA,NA,1,302,321
4388161847,2016-04-12,10122,7.78000021,7.78000021,2955,0,0,0,0,1440,NA,NA,NA,NA,NA,NA
4388161847,2016-04-13,10993,8.449999809,8.449999809,3092,0.05999999866,3.880000114,0,1,1275,NA,NA,NA,NA,NA,NA
4388161847,2016-04-14,8863,6.820000172,6.820000172,2998,0.1299999952,5.619999886,0,10,945,NA,NA,NA,NA,NA,NA
4388161847,2016-04-15,8758,6.730000019,6.730000019,3066,0,6.730000019,0,0,837,NA,NA,NA,1,499,526
4388161847,2016-04-16,6580,5.059999943,5.059999943,3073,0.2099999934,4.449999809,0,6,609,NA,NA,NA,2,426,448
4388161847,2016-04-17,4660,3.579999924,3.579999924,2572,0,3.579999924,0,0,721,NA,NA,NA,2,619,641
4388161847,2016-04-18,11009,9.100000381,9.100000381,3274,3.559999943,5.139999866,0,27,1017,NA,NA,NA,1,99,104
4388161847,2016-04-19,10181,7.829999924,7.829999924,3015,1.370000005,5.769999981,0,20,704,NA,NA,NA,1,329,338
4388161847,2016-04-20,10553,8.119999886,8.119999886,3083,1.100000024,5.289999962,0,19,696,NA,NA,NA,1,421,451
4388161847,2016-04-21,10055,7.730000019,7.730000019,3069,0.3700000048,6.980000019,0,7,853,NA,NA,NA,1,442,458
4388161847,2016-04-22,12139,9.340000153,9.340000153,3544,3.299999952,4.920000076,0,77,945,NA,NA,NA,1,82,85
4388161847,2016-04-23,13236,10.18000031,10.18000031,3306,4.5,5.349999905,0,58,749,NA,NA,NA,1,478,501
4388161847,2016-04-24,10243,7.880000114,7.880000114,2885,1.080000043,6.300000191,0,14,584,NA,NA,NA,3,552,595
4388161847,2016-04-25,12961,9.970000267,9.970000267,3288,0.7300000191,7.840000153,0,11,1054,NA,NA,NA,NA,NA,NA
4388161847,2016-04-26,9461,7.28000021,7.28000021,2929,0.9399999976,5.269999981,0,14,673,NA,NA,NA,1,319,346
4388161847,2016-04-27,11193,8.609999657,8.609999657,3074,0.6999999881,5.389999866,0,11,684,NA,NA,NA,1,439,500
4388161847,2016-04-28,10074,7.75,7.75,2969,1.289999962,6.03000021,0,19,878,NA,NA,NA,1,428,458
4388161847,2016-04-29,9232,7.099999905,7.099999905,2979,0.8000000119,5.420000076,0,13,1175,NA,NA,NA,NA,NA,NA
4388161847,2016-04-30,12533,9.640000343,9.640000343,3283,0.6999999881,6.940000057,0,14,537,NA,NA,NA,2,409,430
4388161847,2016-05-01,10255,7.889999866,7.889999866,2926,1.00999999,6.199999809,0,12,579,NA,NA,NA,1,547,597
4388161847,2016-05-02,10096,8.399999619,8.399999619,3147,3.769999981,4.550000191,0,33,935,NA,NA,NA,2,368,376
4388161847,2016-05-03,12727,9.789999962,9.789999962,3290,1.129999995,7.880000114,0,18,984,NA,NA,NA,NA,NA,NA
4388161847,2016-05-04,12375,9.520000458,9.520000458,3162,2.789999962,5.800000191,0,35,632,NA,NA,NA,1,390,414
4388161847,2016-05-05,9603,7.380000114,7.380000114,2899,0.6299999952,5.090000153,0,12,896,NA,NA,NA,1,471,495
4388161847,2016-05-06,13175,10.13000011,10.13000011,3425,2.109999895,5.929999828,0,33,1100,NA,NA,NA,NA,NA,NA
4388161847,2016-05-07,22770,17.54000092,17.54000092,4022,9.449999809,5.329999924,0,120,508,NA,NA,NA,1,472,496
4388161847,2016-05-08,17298,14.38000011,14.38000011,3934,9.890000343,3.230000019,0,107,576,NA,NA,NA,2,529,541
4388161847,2016-05-09,10218,7.860000134,7.860000134,3013,0.3400000036,6.789999962,0,6,1020,NA,NA,NA,1,62,65
4388161847,2016-05-10,10299,7.920000076,7.920000076,3061,0.8100000024,6.460000038,0,13,648,NA,NA,NA,1,354,375
4388161847,2016-05-11,10201,7.840000153,7.840000153,2954,0.5299999714,6.53000021,0,8,858,NA,NA,NA,1,469,494
4388161847,2016-05-12,3369,2.589999914,2.589999914,1623,0,2.589999914,0,0,825,NA,NA,NA,NA,NA,NA
4445114986,2016-04-12,3276,2.200000048,2.200000048,2113,0,2.200000048,0,0,787,NA,NA,NA,2,429,457
4445114986,2016-04-13,2961,1.99000001,1.99000001,2095,0,1.99000001,0,0,840,NA,NA,NA,2,370,406
4445114986,2016-04-14,3974,2.670000076,2.670000076,2194,0,2.670000076,0,0,717,NA,NA,NA,1,441,492
4445114986,2016-04-15,7198,4.829999924,4.829999924,2496,0,4.829999924,0,0,711,NA,NA,NA,2,337,379
4445114986,2016-04-16,3945,2.650000095,2.650000095,2180,0,2.650000095,0,0,716,NA,NA,NA,1,462,499
4445114986,2016-04-17,2268,1.519999981,1.519999981,1933,0,1.519999981,0,0,1219,NA,NA,NA,1,98,107
4445114986,2016-04-18,6155,4.239999771,4.239999771,2248,2,1.950000048,0,25,1247,NA,NA,NA,NA,NA,NA
4445114986,2016-04-19,2064,1.389999986,1.389999986,1954,0,1.389999986,0,0,895,NA,NA,NA,2,388,424
4445114986,2016-04-20,2072,1.389999986,1.389999986,1974,0,1.389999986,0,0,841,NA,NA,NA,1,439,462
4445114986,2016-04-21,3809,2.559999943,2.559999943,2150,0,2.539999962,0,0,756,NA,NA,NA,1,436,469
4445114986,2016-04-22,6831,4.579999924,4.579999924,2432,0,4.579999924,0,0,706,NA,NA,NA,1,388,417
4445114986,2016-04-23,4363,2.930000067,2.930000067,2149,0,2.930000067,0,0,1239,NA,NA,NA,NA,NA,NA
4445114986,2016-04-24,5002,3.359999895,3.359999895,2247,0,3.359999895,0,0,1196,NA,NA,NA,NA,NA,NA
4445114986,2016-04-25,3385,2.269999981,2.269999981,2070,0,2.269999981,0,0,916,NA,NA,NA,1,328,345
4445114986,2016-04-26,6326,4.409999847,4.409999847,2291,2.410000086,1.960000038,0,29,839,NA,NA,NA,2,353,391
4445114986,2016-04-27,7243,5.03000021,5.03000021,2361,2.619999886,2.380000114,0,32,839,NA,NA,NA,1,332,374
4445114986,2016-04-28,4493,3.00999999,3.00999999,2203,0,3.00999999,0,0,762,NA,NA,NA,1,419,442
4445114986,2016-04-29,4676,3.140000105,3.140000105,2196,0,3.130000114,0,0,1106,NA,NA,NA,1,106,108
4445114986,2016-04-30,6222,4.179999828,4.179999828,2363,0,4.179999828,0,0,797,NA,NA,NA,1,322,353
4445114986,2016-05-01,5232,3.50999999,3.50999999,2246,0,3.50999999,0,0,741,NA,NA,NA,2,439,459
4445114986,2016-05-02,6910,4.75,4.75,2336,2.210000038,2.349999905,0,27,667,NA,NA,NA,1,502,542
4445114986,2016-05-03,7502,5.179999828,5.179999828,2421,2.480000019,2.579999924,0,30,725,NA,NA,NA,2,417,450
4445114986,2016-05-04,2923,1.960000038,1.960000038,2070,0,1.960000038,0,0,897,NA,NA,NA,2,337,363
4445114986,2016-05-05,3800,2.549999952,2.549999952,2120,0.1199999973,2.180000067,0,2,734,NA,NA,NA,2,462,513
4445114986,2016-05-06,4514,3.029999971,3.029999971,2211,0,3.029999971,0,0,809,NA,NA,NA,2,374,402
4445114986,2016-05-07,5183,3.589999914,3.589999914,2123,2.130000114,1.25,0,26,866,NA,NA,NA,2,401,436
4445114986,2016-05-08,7303,4.900000095,4.900000095,2423,0,4.650000095,0,0,733,NA,NA,NA,1,361,391
4445114986,2016-05-09,5275,3.539999962,3.539999962,2281,0,3.539999962,0,0,641,NA,NA,NA,1,457,533
4445114986,2016-05-10,3915,2.630000114,2.630000114,2181,0,2.630000114,0,0,783,NA,NA,NA,1,405,426
4445114986,2016-05-11,9105,6.110000134,6.110000134,2499,2.25,2.859999895,0,34,622,NA,NA,NA,1,499,530
4445114986,2016-05-12,768,0.5199999809,0.5199999809,1212,0,0.5199999809,0,0,380,NA,NA,NA,1,483,501
4558609924,2016-04-12,5135,3.390000105,3.390000105,1909,0,3.390000105,0,0,1122,NA,NA,NA,NA,NA,NA
4558609924,2016-04-13,4978,3.289999962,3.289999962,1722,1.24000001,1.610000014,0,19,1287,NA,NA,NA,NA,NA,NA
4558609924,2016-04-14,6799,4.489999771,4.489999771,1922,0,4.489999771,0,0,1161,NA,NA,NA,NA,NA,NA
4558609924,2016-04-15,7795,5.150000095,5.150000095,2121,0.5899999738,3.730000019,0,17,1131,NA,NA,NA,NA,NA,NA
4558609924,2016-04-16,7289,4.820000172,4.820000172,1997,0.5500000119,3.5,0,8,1112,NA,NA,NA,NA,NA,NA
4558609924,2016-04-17,9634,6.400000095,6.400000095,2117,0.5500000119,4.710000038,0,7,1110,NA,NA,NA,NA,NA,NA
4558609924,2016-04-18,8940,5.909999847,5.909999847,2116,0.9800000191,4,0,14,1080,69.69999695,27.25,TRUE,NA,NA,NA
4558609924,2016-04-19,5401,3.569999933,3.569999933,1876,0.05000000075,3.160000086,0,1,1182,NA,NA,NA,NA,NA,NA
4558609924,2016-04-20,4803,3.170000076,3.170000076,1788,0,3.170000076,0,0,1218,NA,NA,NA,NA,NA,NA
4558609924,2016-04-21,13743,9.079999924,9.079999924,2486,0.4199999869,7.699999809,0,6,844,NA,NA,NA,1,126,137
4558609924,2016-04-22,9601,6.349999905,6.349999905,2094,1.370000005,3.470000029,0,20,1122,NA,NA,NA,NA,NA,NA
4558609924,2016-04-23,6890,4.550000191,4.550000191,2085,0.3400000036,4.010000229,0,5,1122,NA,NA,NA,NA,NA,NA
4558609924,2016-04-24,8563,5.659999847,5.659999847,2173,0,5.650000095,0,0,1045,NA,NA,NA,NA,NA,NA
4558609924,2016-04-25,8095,5.349999905,5.349999905,2225,0.5899999738,4.510000229,0,18,993,70.30000305,27.45999908,TRUE,NA,NA,NA
4558609924,2016-04-26,9148,6.050000191,6.050000191,2223,0.4300000072,3.589999914,0,12,1062,NA,NA,NA,1,103,121
4558609924,2016-04-27,9557,6.320000172,6.320000172,2098,1.960000038,3.460000038,0,27,1087,NA,NA,NA,NA,NA,NA
4558609924,2016-04-28,9451,6.25,6.25,2185,0.01999999955,5.949999809,0,1,985,NA,NA,NA,NA,NA,NA
4558609924,2016-04-29,7833,5.179999828,5.179999828,1918,1.019999981,2.309999943,0,15,1096,NA,NA,NA,1,171,179
4558609924,2016-04-30,10319,6.820000172,6.820000172,2105,0.4699999988,4.460000038,0,7,1111,NA,NA,NA,NA,NA,NA
4558609924,2016-05-01,3428,2.269999981,2.269999981,1692,0,2.269999981,0,0,1121,69.90000153,27.31999969,TRUE,1,115,129
4558609924,2016-05-02,7891,5.21999979,5.21999979,2066,0,5.21999979,0,0,1057,69.19999695,27.04000092,TRUE,NA,NA,NA
4558609924,2016-05-03,5267,3.480000019,3.480000019,1953,0.6000000238,2.599999905,0,21,1172,NA,NA,NA,NA,NA,NA
4558609924,2016-05-04,5232,3.460000038,3.460000038,1842,0,3.460000038,0,0,1188,NA,NA,NA,NA,NA,NA
4558609924,2016-05-05,10611,7.010000229,7.010000229,2262,1.00999999,5.510000229,0,14,1048,NA,NA,NA,NA,NA,NA
4558609924,2016-05-06,3755,2.480000019,2.480000019,1722,0,2.480000019,0,0,1238,NA,NA,NA,NA,NA,NA
4558609924,2016-05-07,8237,5.440000057,5.440000057,1973,1.610000014,2.829999924,0,23,1116,NA,NA,NA,NA,NA,NA
4558609924,2016-05-08,6543,4.329999924,4.329999924,2666,1.799999952,2.019999981,0,66,1019,NA,NA,NA,1,123,134
4558609924,2016-05-09,11451,7.570000172,7.570000172,2223,0.4300000072,5.519999981,0,6,1065,69.09999847,27,TRUE,NA,NA,NA
4558609924,2016-05-10,6435,4.25,4.25,1889,0.7400000095,2.390000105,0,11,1191,NA,NA,NA,NA,NA,NA
4558609924,2016-05-11,9108,6.019999981,6.019999981,2131,0.2599999905,3.940000057,0,4,1081,NA,NA,NA,NA,NA,NA
4558609924,2016-05-12,6307,4.170000076,4.170000076,1452,0,4.170000076,0,0,736,NA,NA,NA,NA,NA,NA
4702921684,2016-04-12,7213,5.880000114,5.880000114,2947,0,5.849999905,0,0,718,NA,NA,NA,1,425,439
4702921684,2016-04-13,6877,5.579999924,5.579999924,2898,0,5.579999924,0,0,777,NA,NA,NA,2,400,430
4702921684,2016-04-14,7860,6.369999886,6.369999886,2984,0,6.369999886,0,0,772,NA,NA,NA,1,384,415
4702921684,2016-04-15,6506,5.28000021,5.28000021,2896,0.0700000003,4.789999962,0,1,944,NA,NA,NA,1,253,257
4702921684,2016-04-16,11140,9.029999733,9.029999733,3328,0.2399999946,7.539999962,0,3,556,NA,NA,NA,2,382,406
4702921684,2016-04-17,12692,10.28999996,10.28999996,3394,0.9599999785,5.880000114,0,12,437,NA,NA,NA,1,591,612
4702921684,2016-04-18,9105,7.380000114,7.380000114,3013,1.820000052,4.070000172,0,22,890,NA,NA,NA,1,293,312
4702921684,2016-04-19,6708,5.440000057,5.440000057,2812,0.8799999952,4.190000057,0,10,757,NA,NA,NA,1,457,487
4702921684,2016-04-20,8793,7.130000114,7.130000114,3061,0.1599999964,5.730000019,0,2,717,NA,NA,NA,1,454,468
4702921684,2016-04-21,6530,5.300000191,5.300000191,2729,0.3100000024,2.940000057,0,4,901,NA,NA,NA,1,425,434
4702921684,2016-04-22,1664,1.350000024,1.350000024,2241,0,1.350000024,0,0,1341,NA,NA,NA,NA,NA,NA
4702921684,2016-04-23,15126,12.27000046,12.27000046,3691,0.7599999905,8.270000458,0,9,469,NA,NA,NA,1,465,475
4702921684,2016-04-24,15050,12.22000027,12.22000027,3538,1.200000048,5.880000114,0,15,542,NA,NA,NA,1,480,506
4702921684,2016-04-25,9167,7.429999828,7.429999828,3064,0.4900000095,6.110000134,0,6,730,NA,NA,NA,1,370,380
4702921684,2016-04-26,6108,4.949999809,4.949999809,2784,0.0700000003,4.539999962,0,1,765,NA,NA,NA,1,421,429
4702921684,2016-04-27,7047,5.71999979,5.71999979,2908,0.09000000358,4.78000021,0,1,733,NA,NA,NA,1,432,449
4702921684,2016-04-28,9023,7.320000172,7.320000172,3033,1.129999995,5.769999981,0,14,738,NA,NA,NA,1,442,461
4702921684,2016-04-29,9930,8.050000191,8.050000191,3165,1.059999943,6.070000172,0,12,692,NA,NA,NA,1,433,447
4702921684,2016-04-30,10144,8.229999542,8.229999542,3115,0.3199999928,5.880000114,0,4,728,NA,NA,NA,1,479,501
4702921684,2016-05-01,0,0,0,2017,0,0,0,0,1440,NA,NA,NA,NA,NA,NA
4702921684,2016-05-02,7245,5.920000076,5.920000076,2859,0.3799999952,3.75999999,0,5,1131,NA,NA,NA,NA,NA,NA
4702921684,2016-05-03,9454,7.670000076,7.670000076,3145,0,7.670000076,0,0,729,NA,NA,NA,1,327,373
4702921684,2016-05-04,8161,6.619999886,6.619999886,3004,0.3400000036,5.539999962,0,4,757,NA,NA,NA,1,412,434
4702921684,2016-05-05,8614,6.989999771,6.989999771,3006,0.6700000167,6.090000153,0,8,745,NA,NA,NA,1,414,428
4702921684,2016-05-06,6943,5.630000114,5.630000114,2859,0.07999999821,4.869999886,0,1,682,NA,NA,NA,1,404,449
4702921684,2016-05-07,14370,11.64999962,11.64999962,3683,0.3700000048,8.970000267,0,5,577,NA,NA,NA,1,520,543
4702921684,2016-05-08,12857,10.43000031,10.43000031,3287,0.6800000072,3.539999962,0,9,1019,NA,NA,NA,NA,NA,NA
4702921684,2016-05-09,8232,6.679999828,6.679999828,2990,0,6.099999905,0,0,746,NA,NA,NA,1,435,458
4702921684,2016-05-10,10613,8.609999657,8.609999657,3172,0.07999999821,6.650000095,0,1,701,NA,NA,NA,1,416,431
4702921684,2016-05-11,9810,7.960000038,7.960000038,3069,0.7799999714,4.980000019,0,10,784,NA,NA,NA,1,354,366
4702921684,2016-05-12,2752,2.230000019,2.230000019,1240,0,2.230000019,0,0,241,NA,NA,NA,1,404,442
5553957443,2016-04-12,11596,7.570000172,7.570000172,2026,1.370000005,5.409999847,0,19,767,NA,NA,NA,1,441,464
5553957443,2016-04-13,4832,3.160000086,3.160000086,1718,0,3.160000086,0,0,647,NA,NA,NA,2,455,488
5553957443,2016-04-14,17022,11.11999989,11.11999989,2324,4,4.670000076,0,61,693,NA,NA,NA,1,357,418
5553957443,2016-04-15,16556,10.85999966,10.85999966,2254,4.159999847,4.710000038,0,58,689,NA,NA,NA,1,377,409
5553957443,2016-04-16,5771,3.769999981,3.769999981,1831,0,3.769999981,0,0,521,NA,NA,NA,2,651,686
5553957443,2016-04-17,655,0.4300000072,0.4300000072,1397,0,0.4300000072,0,0,943,NA,NA,NA,1,350,402
5553957443,2016-04-18,3727,2.430000067,2.430000067,1683,0,2.430000067,0,0,622,NA,NA,NA,2,520,541
5553957443,2016-04-19,15482,10.10999966,10.10999966,2284,4.28000021,4.179999828,0,69,756,NA,NA,NA,1,357,410
5553957443,2016-04-20,2713,1.769999981,1.769999981,1570,0,1.769999981,0,0,598,NA,NA,NA,1,658,678
5553957443,2016-04-21,12346,8.06000042,8.06000042,2066,2.950000048,2.960000038,0,47,801,NA,NA,NA,1,399,431
5553957443,2016-04-22,11682,7.630000114,7.630000114,2105,1.379999995,5.599999905,0,25,781,NA,NA,NA,1,322,353
5553957443,2016-04-23,4112,2.690000057,2.690000057,1776,0,2.680000067,0,0,443,NA,NA,NA,2,631,725
5553957443,2016-04-24,1807,1.179999948,1.179999948,1507,0,1.179999948,0,0,582,NA,NA,NA,2,553,640
5553957443,2016-04-25,10946,7.190000057,7.190000057,2033,2.930000067,3.690000057,0,51,732,NA,NA,NA,1,433,468
5553957443,2016-04-26,11886,7.760000229,7.760000229,2093,2.369999886,4.460000038,0,40,750,NA,NA,NA,1,412,453
5553957443,2016-04-27,10538,6.880000114,6.880000114,1922,1.139999986,4.739999771,0,16,745,NA,NA,NA,1,347,391
5553957443,2016-04-28,11393,7.630000114,7.630000114,1999,3.710000038,3.170000076,0,49,727,NA,NA,NA,1,421,457
5553957443,2016-04-29,12764,8.329999924,8.329999924,2169,2.789999962,4.909999847,0,46,709,NA,NA,NA,1,450,495
5553957443,2016-04-30,1202,0.7799999714,0.7799999714,1463,0,0.7799999714,0,0,506,NA,NA,NA,2,775,843
5553957443,2016-05-01,5164,3.369999886,3.369999886,1747,0,3.369999886,0,0,436,NA,NA,NA,2,622,686
5553957443,2016-05-02,9769,6.380000114,6.380000114,1996,1.059999943,4.900000095,0,23,724,NA,NA,NA,1,409,471
5553957443,2016-05-03,12848,8.390000343,8.390000343,2116,1.5,5.679999828,0,26,812,NA,NA,NA,1,380,429
5553957443,2016-05-04,4249,2.769999981,2.769999981,1698,0,2.769999981,0,0,651,NA,NA,NA,1,447,470
5553957443,2016-05-05,14331,9.510000229,9.510000229,2156,3.430000067,4.429999828,0,44,692,NA,NA,NA,1,419,464
5553957443,2016-05-06,9632,6.289999962,6.289999962,1916,1.519999981,4.230000019,0,21,761,NA,NA,NA,1,400,434
5553957443,2016-05-07,1868,1.220000029,1.220000029,1494,0,1.220000029,0,0,902,NA,NA,NA,1,442,470
5553957443,2016-05-08,6083,4,4,1762,0.2199999988,3.299999952,0,3,505,NA,NA,NA,1,568,608
5553957443,2016-05-09,11611,7.579999924,7.579999924,2272,2.130000114,4.559999943,0,59,667,NA,NA,NA,1,453,494
5553957443,2016-05-10,16358,10.71000004,10.71000004,2335,3.869999886,5.199999809,0,61,707,NA,NA,NA,1,418,443
5553957443,2016-05-11,4926,3.220000029,3.220000029,1693,0,3.220000029,0,0,628,NA,NA,NA,1,463,486
5553957443,2016-05-12,3121,2.039999962,2.039999962,741,0.5799999833,1.059999943,0,8,222,NA,NA,NA,1,438,475
5577150313,2016-04-12,8135,6.079999924,6.079999924,3405,3.599999905,2.099999905,0,86,728,NA,NA,NA,1,419,438
5577150313,2016-04-13,5077,3.789999962,3.789999962,2551,0.3199999928,3.25,0,15,776,NA,NA,NA,1,432,458
5577150313,2016-04-14,8596,6.420000076,6.420000076,4022,3.329999924,2.779999971,0,118,662,NA,NA,NA,1,477,497
5577150313,2016-04-15,12087,9.079999924,9.079999924,4005,3.920000076,3.559999943,0,115,695,NA,NA,NA,1,392,413
5577150313,2016-04-16,14269,10.65999985,10.65999985,4274,6.639999866,2.730000019,0,184,472,NA,NA,NA,1,406,445
5577150313,2016-04-17,12231,9.140000343,9.140000343,4552,5.980000019,2.319999933,0,200,525,90.69999695,28,FALSE,1,549,583
5577150313,2016-04-18,9893,7.389999866,7.389999866,3625,4.860000134,1.820000052,0,114,623,NA,NA,NA,1,527,553
5577150313,2016-04-19,12574,9.420000076,9.420000076,3501,7.019999981,1.75999999,0,108,733,NA,NA,NA,1,449,465
5577150313,2016-04-20,8330,6.21999979,6.21999979,3192,4.119999886,1.75999999,0,87,773,NA,NA,NA,1,447,480
5577150313,2016-04-21,10830,8.090000153,8.090000153,4018,3.650000095,2.779999971,0,110,670,NA,NA,NA,1,414,437
5577150313,2016-04-22,9172,6.849999905,6.849999905,3329,2.420000076,3.299999952,0,62,823,NA,NA,NA,1,338,366
5577150313,2016-04-23,7638,5.710000038,5.710000038,3152,1.210000038,4.139999866,0,24,627,NA,NA,NA,1,384,402
5577150313,2016-04-24,15764,11.77999973,11.77999973,4392,7.650000095,1.980000019,0,210,425,NA,NA,NA,1,543,615
5577150313,2016-04-25,6393,4.78000021,4.78000021,3374,1.350000024,2.75999999,0,61,743,NA,NA,NA,1,421,461
5577150313,2016-04-26,5325,3.980000019,3.980000019,3088,0.8500000238,2.470000029,0,38,759,NA,NA,NA,1,354,377
5577150313,2016-04-27,6805,5.139999866,5.139999866,3294,1.809999943,2.930000067,0,63,773,NA,NA,NA,1,424,452
5577150313,2016-04-28,9841,7.429999828,7.429999828,3580,3.25,3.00999999,0,99,692,NA,NA,NA,1,361,372
5577150313,2016-04-29,7924,5.920000076,5.920000076,3544,2.839999914,2.470000029,0,97,739,NA,NA,NA,1,459,485
5577150313,2016-04-30,12363,9.239999771,9.239999771,4501,5.829999924,2.609999895,0,207,621,NA,NA,NA,1,412,433
5577150313,2016-05-01,13368,9.989999771,9.989999771,4546,5.309999943,3.24000001,0,194,499,NA,NA,NA,1,379,398
5577150313,2016-05-02,7439,5.559999943,5.559999943,3014,1.120000005,4.070000172,0,37,732,NA,NA,NA,2,525,553
5577150313,2016-05-03,11045,8.25,8.25,3795,4.519999981,3.569999933,0,97,580,NA,NA,NA,1,508,543
5577150313,2016-05-04,5206,3.890000105,3.890000105,2755,1.559999943,2.079999924,0,25,631,NA,NA,NA,1,603,634
5577150313,2016-05-05,7550,5.639999866,5.639999866,3004,2.5,2.670000076,0,45,1153,NA,NA,NA,1,74,78
5577150313,2016-05-06,4950,3.700000048,3.700000048,2643,1.929999948,1.450000048,0,41,1304,NA,NA,NA,NA,NA,NA
5577150313,2016-05-07,0,0,0,1819,0,0,0,0,1440,NA,NA,NA,NA,NA,NA
5577150313,2016-05-08,0,0,0,1819,0,0,0,0,1440,NA,NA,NA,NA,NA,NA
5577150313,2016-05-09,3421,2.559999943,2.559999943,2489,1.429999948,0.9900000095,0,34,1099,NA,NA,NA,NA,NA,NA
5577150313,2016-05-10,8869,6.650000095,6.650000095,3841,2.559999943,3.349999905,0,104,639,NA,NA,NA,1,504,562
5577150313,2016-05-11,4038,3.039999962,3.039999962,1665,1.830000043,0.8899999857,0,45,257,NA,NA,NA,1,431,476
6117666160,2016-04-12,0,0,0,1496,0,0,0,0,1440,NA,NA,NA,NA,NA,NA
6117666160,2016-04-13,0,0,0,1496,0,0,0,0,1440,NA,NA,NA,NA,NA,NA
6117666160,2016-04-14,0,0,0,1496,0,0,0,0,1440,NA,NA,NA,NA,NA,NA
6117666160,2016-04-15,14019,10.59000015,10.59000015,2865,0,10.30000019,0,0,921,NA,NA,NA,NA,NA,NA
6117666160,2016-04-16,14450,10.90999985,10.90999985,2828,0.5799999833,9.479999542,0,7,502,NA,NA,NA,1,380,398
6117666160,2016-04-17,7150,5.400000095,5.400000095,2225,0,5.400000095,0,0,702,NA,NA,NA,2,336,350
6117666160,2016-04-18,5153,3.910000086,3.910000086,2018,0,3.890000105,0,0,759,NA,NA,NA,2,493,510
6117666160,2016-04-19,11135,8.409999847,8.409999847,2606,0,8.409999847,0,0,425,NA,NA,NA,1,465,492
6117666160,2016-04-20,10449,8.020000458,8.020000458,2536,2.029999971,5.519999981,0,26,587,NA,NA,NA,1,474,502
6117666160,2016-04-21,19542,15.01000023,15.01000023,4900,0.9800000191,5.619999886,0,11,579,NA,NA,NA,1,508,550
6117666160,2016-04-22,8206,6.199999809,6.199999809,2409,0,6.199999809,0,0,413,NA,NA,NA,1,480,546
6117666160,2016-04-23,11495,8.680000305,8.680000305,2651,0,8.680000305,0,0,468,NA,NA,NA,1,492,539
6117666160,2016-04-24,7623,5.760000229,5.760000229,2305,0,5.760000229,0,0,711,NA,NA,NA,1,353,367
6117666160,2016-04-25,0,0,0,1497,0,0,0,0,1440,NA,NA,NA,NA,NA,NA
6117666160,2016-04-26,9543,7.210000038,7.210000038,2450,0,6.869999886,0,0,1077,NA,NA,NA,NA,NA,NA
6117666160,2016-04-27,9411,7.110000134,7.110000134,2576,0,7.110000134,0,0,417,NA,NA,NA,1,542,557
6117666160,2016-04-28,3403,2.599999905,2.599999905,1879,0,2.599999905,0,0,758,NA,NA,NA,1,393,416
6117666160,2016-04-29,9592,7.239999771,7.239999771,2560,0,7.239999771,0,0,479,NA,NA,NA,1,600,636
6117666160,2016-04-30,6987,5.28000021,5.28000021,2275,0,5.28000021,0,0,1040,NA,NA,NA,NA,NA,NA
6117666160,2016-05-01,8915,6.730000019,6.730000019,2361,0,6.730000019,0,0,525,NA,NA,NA,1,507,575
6117666160,2016-05-02,4933,3.730000019,3.730000019,2044,0,3.730000019,0,0,1204,NA,NA,NA,NA,NA,NA
6117666160,2016-05-03,0,0,0,1496,0,0,0,0,1440,NA,NA,NA,NA,NA,NA
6117666160,2016-05-04,2997,2.25999999,2.25999999,1902,0,2.25999999,0,0,1279,NA,NA,NA,NA,NA,NA
6117666160,2016-05-05,9799,7.400000095,7.400000095,2636,0,7.400000095,0,0,479,NA,NA,NA,1,392,415
6117666160,2016-05-06,3365,2.680000067,2.680000067,1838,0,2.680000067,0,0,673,NA,NA,NA,2,658,698
6117666160,2016-05-07,7336,5.539999962,5.539999962,2469,0,5.539999962,0,0,456,NA,NA,NA,2,498,507
6117666160,2016-05-08,7328,5.53000021,5.53000021,2250,0,5.53000021,0,0,517,NA,NA,NA,1,555,603
6117666160,2016-05-09,4477,3.380000114,3.380000114,1248,0,3.380000114,0,0,125,NA,NA,NA,1,492,522
6290855005,2016-04-12,4562,3.450000048,3.450000048,2560,0,3.450000048,0,0,1241,NA,NA,NA,NA,NA,NA
6290855005,2016-04-13,7142,5.400000095,5.400000095,2905,0,5.389999866,0.009999999776,0,1090,NA,NA,NA,NA,NA,NA
6290855005,2016-04-14,7671,5.800000191,5.800000191,2952,0,5.769999981,0.02999999933,0,1077,NA,NA,NA,NA,NA,NA
6290855005,2016-04-15,9501,7.179999828,7.179999828,2896,0,7.170000076,0.009999999776,0,1112,NA,NA,NA,NA,NA,NA
6290855005,2016-04-16,8301,6.28000021,6.28000021,2783,0,6.269999981,0.009999999776,0,1182,NA,NA,NA,NA,NA,NA
6290855005,2016-04-17,7851,5.940000057,5.940000057,3171,1.139999986,4,0,31,1172,NA,NA,NA,NA,NA,NA
6290855005,2016-04-18,6885,5.210000038,5.210000038,2766,0,5.190000057,0.01999999955,0,1169,NA,NA,NA,NA,NA,NA
6290855005,2016-04-19,7142,5.400000095,5.400000095,2839,0,5.389999866,0.009999999776,0,1119,NA,NA,NA,NA,NA,NA
6290855005,2016-04-20,6361,4.809999943,4.809999943,2701,0,4.800000191,0.009999999776,0,1182,NA,NA,NA,NA,NA,NA
6290855005,2016-04-21,0,0,0,2060,0,0,0,0,1440,NA,NA,NA,NA,NA,NA
6290855005,2016-04-22,6238,4.71999979,4.71999979,2796,0,4.71999979,0,0,1138,NA,NA,NA,NA,NA,NA
6290855005,2016-04-23,0,0,0,2664,0,0,0,33,1407,NA,NA,NA,NA,NA,NA
6290855005,2016-04-24,5896,4.460000038,4.460000038,2703,0,4.460000038,0,0,1182,NA,NA,NA,NA,NA,NA
6290855005,2016-04-25,7802,5.900000095,5.900000095,2771,0.6800000072,5.03000021,0.009999999776,8,1180,NA,NA,NA,NA,NA,NA
6290855005,2016-04-26,0,0,0,2060,0,0,0,0,1440,NA,NA,NA,NA,NA,NA
6290855005,2016-04-27,5565,4.210000038,4.210000038,2743,0,4.179999828,0.02999999933,0,1153,NA,NA,NA,NA,NA,NA
6290855005,2016-04-28,5731,4.329999924,4.329999924,2687,0,4.329999924,0,0,1185,NA,NA,NA,NA,NA,NA
6290855005,2016-04-29,0,0,0,2060,0,0,0,0,1440,NA,NA,NA,NA,NA,NA
6290855005,2016-04-30,6744,5.099999905,5.099999905,2843,0,5.090000153,0.009999999776,0,1116,NA,NA,NA,NA,NA,NA
6290855005,2016-05-01,9837,7.440000057,7.440000057,3327,0.6600000262,4,0.01999999955,8,1055,NA,NA,NA,NA,NA,NA
6290855005,2016-05-02,6781,5.130000114,5.130000114,2725,0,5.110000134,0.01999999955,0,1172,NA,NA,NA,NA,NA,NA
6290855005,2016-05-03,6047,4.570000172,4.570000172,2671,0,4.570000172,0,0,1200,NA,NA,NA,NA,NA,NA
6290855005,2016-05-04,5832,4.409999847,4.409999847,2718,0,4.400000095,0.009999999776,0,1168,NA,NA,NA,NA,NA,NA
6290855005,2016-05-05,6339,4.789999962,4.789999962,2682,0,4.789999962,0,0,1201,NA,NA,NA,NA,NA,NA
6290855005,2016-05-06,6116,4.619999886,4.619999886,2806,0,4.590000153,0.02999999933,0,1135,NA,NA,NA,NA,NA,NA
6290855005,2016-05-07,5510,4.170000076,4.170000076,2613,0,4.159999847,0,0,1213,NA,NA,NA,NA,NA,NA
6290855005,2016-05-08,7706,5.829999924,5.829999924,2712,0,5.820000172,0,0,1189,NA,NA,NA,NA,NA,NA
6290855005,2016-05-09,6277,4.75,4.75,2175,0,4.730000019,0.01999999955,0,800,NA,NA,NA,NA,NA,NA
6290855005,2016-05-10,0,0,0,0,0,0,0,0,1440,NA,NA,NA,NA,NA,NA
6775888955,2016-04-12,0,0,0,1841,0,0,0,0,1440,NA,NA,NA,NA,NA,NA
6775888955,2016-04-13,4053,2.910000086,2.910000086,2400,1.110000014,1.220000029,0,17,1053,NA,NA,NA,1,235,260
6775888955,2016-04-14,5162,3.700000048,3.700000048,2507,0.8700000048,1.970000029,0,14,863,NA,NA,NA,1,423,441
6775888955,2016-04-15,1282,0.9200000167,0.9200000167,2127,0,0.9200000167,0,0,976,NA,NA,NA,1,391,406
6775888955,2016-04-16,4732,3.390000105,3.390000105,2225,2.519999981,0.05999999866,0,36,1377,NA,NA,NA,NA,NA,NA
6775888955,2016-04-17,2497,1.789999962,1.789999962,2067,0.349999994,0.3100000024,0,5,1392,NA,NA,NA,NA,NA,NA
6775888955,2016-04-18,8294,5.949999809,5.949999809,2798,2,3.170000076,0,30,1233,NA,NA,NA,NA,NA,NA
6775888955,2016-04-19,0,0,0,1841,0,0,0,0,1440,NA,NA,NA,NA,NA,NA
6775888955,2016-04-20,10771,7.71999979,7.71999979,3727,3.769999981,2.220000029,0,70,1079,NA,NA,NA,NA,NA,NA
6775888955,2016-04-21,0,0,0,1841,0,0,0,0,1440,NA,NA,NA,NA,NA,NA
6775888955,2016-04-22,637,0.4600000083,0.4600000083,1922,0,0.4600000083,0,0,1420,NA,NA,NA,NA,NA,NA
6775888955,2016-04-23,0,0,0,1841,0,0,0,0,1440,NA,NA,NA,NA,NA,NA
6775888955,2016-04-24,2153,1.539999962,1.539999962,2053,0.7699999809,0.150000006,0,11,1400,NA,NA,NA,NA,NA,NA
6775888955,2016-04-25,6474,4.639999866,4.639999866,2484,2.269999981,1.899999976,0,33,1302,NA,NA,NA,NA,NA,NA
6775888955,2016-04-26,7091,5.269999981,5.269999981,2584,3.480000019,0.7300000191,0,42,1321,NA,NA,NA,NA,NA,NA
6775888955,2016-04-27,0,0,0,1841,0,0,0,0,1440,NA,NA,NA,NA,NA,NA
6775888955,2016-04-28,703,0.5,0.5,1993,0.05999999866,0.2399999946,0,2,1410,NA,NA,NA,NA,NA,NA
6775888955,2016-04-29,0,0,0,1841,0,0,0,0,1440,NA,NA,NA,NA,NA,NA
6775888955,2016-04-30,2503,1.789999962,1.789999962,2280,0.1599999964,1.480000019,0,3,1344,NA,NA,NA,NA,NA,NA
6775888955,2016-05-01,2487,1.779999971,1.779999971,2319,0.4799999893,0.6800000072,0,9,1347,NA,NA,NA,NA,NA,NA
6775888955,2016-05-02,0,0,0,1841,0,0,0,0,1440,NA,NA,NA,NA,NA,NA
6775888955,2016-05-03,9,0.009999999776,0.009999999776,1843,0,0.009999999776,0,0,1439,NA,NA,NA,NA,NA,NA
6775888955,2016-05-04,0,0,0,1841,0,0,0,0,1440,NA,NA,NA,NA,NA,NA
6775888955,2016-05-05,0,0,0,1841,0,0,0,0,1440,NA,NA,NA,NA,NA,NA
6775888955,2016-05-06,4697,3.369999886,3.369999886,2496,0.4699999988,1.929999948,0,12,1318,NA,NA,NA,NA,NA,NA
6775888955,2016-05-07,1967,1.409999967,1.409999967,1032,0.1299999952,1.049999952,0,2,551,NA,NA,NA,NA,NA,NA
6962181067,2016-04-12,10199,6.739999771,6.739999771,1994,3.400000095,2.50999999,0,50,796,62.5,24.38999939,TRUE,1,366,387
6962181067,2016-04-13,5652,3.74000001,3.74000001,1718,0.5699999928,1.960000038,0,8,548,62.09999847,24.23999977,TRUE,3,630,679
6962181067,2016-04-14,1551,1.029999971,1.029999971,1466,0,1.029999971,0,0,862,61.70000076,24.10000038,TRUE,2,508,535
6962181067,2016-04-15,5563,3.680000067,3.680000067,1756,0,3.680000067,0,0,837,61.5,24,TRUE,1,370,386
6962181067,2016-04-16,13217,8.739999771,8.739999771,2173,3.660000086,4.880000114,0,50,741,62,24.20999908,TRUE,1,357,366
6962181067,2016-04-17,10145,6.710000038,6.710000038,2027,0.3300000131,5.690000057,0,5,634,61.40000153,23.95999908,TRUE,1,427,446
6962181067,2016-04-18,11404,7.539999962,7.539999962,2039,0.8299999833,4.320000172,0,13,689,61.20000076,23.88999939,TRUE,1,442,458
6962181067,2016-04-19,10742,7.099999905,7.099999905,2046,2.099999905,2.869999886,0,35,659,61.40000153,23.95999908,TRUE,1,476,535
6962181067,2016-04-20,13928,9.550000191,9.550000191,2174,4.28000021,5.090000153,0,48,639,61.70000076,24.10000038,TRUE,1,418,424
6962181067,2016-04-21,11835,9.710000038,7.880000114,2179,3.99000001,3.50999999,0.1099999994,53,708,61.40000153,23.95999908,TRUE,1,451,457
6962181067,2016-04-22,10725,7.090000153,7.090000153,2086,1.769999981,3.769999981,0,30,659,61.40000153,23.95999908,TRUE,1,425,435
6962181067,2016-04-23,20031,13.23999977,13.23999977,2571,4.199999809,7.039999962,0,58,484,61.5,24,TRUE,1,528,546
6962181067,2016-04-24,5029,3.319999933,3.319999933,1705,0,3.319999933,0,0,720,61.5,24,TRUE,1,511,514
6962181067,2016-04-25,13239,9.270000458,9.079999924,2194,3.019999981,4.460000038,0.1000000015,35,637,61.70000076,24.10000038,TRUE,1,400,415
6962181067,2016-04-26,10433,6.900000095,6.900000095,2012,2.579999924,3.900000095,0,36,680,NA,NA,NA,1,441,446
6962181067,2016-04-27,10320,6.820000172,6.820000172,2034,0.5500000119,4.25,0,7,697,61.20000076,23.88999939,TRUE,1,455,467
6962181067,2016-04-28,12627,8.350000381,8.350000381,2182,2.50999999,5.590000153,0,38,621,61.20000076,23.88999939,TRUE,1,440,453
6962181067,2016-04-29,10762,7.110000134,7.110000134,2254,0.8199999928,5.809999943,0,12,645,61.40000153,23.95999908,TRUE,1,433,447
6962181067,2016-04-30,10081,6.659999847,6.659999847,2002,2.24000001,3.670000076,0,32,731,61,23.81999969,TRUE,1,422,424
6962181067,2016-05-01,5454,3.609999895,3.609999895,1740,0,3.609999895,0,0,722,61.70000076,24.10000038,TRUE,1,411,426
6962181067,2016-05-02,12912,8.539999962,8.539999962,2162,1.200000048,5.340000153,0,18,655,61.5,24,TRUE,1,466,482
6962181067,2016-05-03,12109,8.119999886,8.119999886,2072,1.74000001,4.329999924,0,21,654,61,23.81999969,TRUE,1,394,418
6962181067,2016-05-04,10147,6.710000038,6.710000038,2086,0.4699999988,4.550000191,0,15,683,61.09999847,23.85000038,TRUE,1,442,455
6962181067,2016-05-05,10524,6.960000038,6.960000038,2066,0.9900000095,4.809999943,0,14,591,61.29999924,23.93000031,TRUE,1,467,491
6962181067,2016-05-06,5908,3.910000086,3.910000086,1850,0,3.910000086,0,0,717,61.5,24,TRUE,1,443,462
6962181067,2016-05-07,6815,4.5,4.5,1947,0,4.5,0,0,745,61.20000076,23.88999939,TRUE,1,298,334
6962181067,2016-05-08,4188,2.769999981,2.769999981,1659,0,2.25,0,0,709,61.20000076,23.88999939,TRUE,1,541,569
6962181067,2016-05-09,12342,8.720000267,8.680000305,2105,3.900000095,3.650000095,0,43,607,62.40000153,24.35000038,TRUE,1,489,497
6962181067,2016-05-10,15448,10.21000004,10.21000004,2361,3.470000029,4.989999771,0,62,626,62.09999847,24.23999977,TRUE,1,469,481
6962181067,2016-05-11,6722,4.440000057,4.440000057,1855,1.49000001,2.650000095,0,24,709,61.90000153,24.17000008,TRUE,1,452,480
6962181067,2016-05-12,3587,2.369999886,2.369999886,928,0,2.109999895,0,0,127,61.90000153,24.17000008,TRUE,1,516,535
7007744171,2016-04-12,14172,10.28999996,9.479999542,2937,4.5,5.409999847,0,53,1024,NA,NA,NA,NA,NA,NA
7007744171,2016-04-13,12862,9.649999619,8.600000381,2742,4.610000134,4.480000019,0,56,1101,NA,NA,NA,NA,NA,NA
7007744171,2016-04-14,11179,8.239999771,7.480000019,2668,2.950000048,4.960000038,0,34,1096,NA,NA,NA,NA,NA,NA
7007744171,2016-04-15,5273,3.529999971,3.529999971,2098,0,3.529999971,0,0,1238,NA,NA,NA,NA,NA,NA
7007744171,2016-04-16,4631,3.099999905,3.099999905,2076,0,3.099999905,0,0,1155,NA,NA,NA,1,79,82
7007744171,2016-04-17,8059,5.389999866,5.389999866,2383,0,5.389999866,0,0,1135,NA,NA,NA,NA,NA,NA
7007744171,2016-04-18,14816,10.97999954,9.909999847,2832,3.789999962,5.050000191,0.01999999955,48,1077,NA,NA,NA,NA,NA,NA
7007744171,2016-04-19,14194,10.47999954,9.5,2812,4.409999847,5.309999943,0,53,1066,NA,NA,NA,NA,NA,NA
7007744171,2016-04-20,15566,11.31000042,10.40999985,3096,4.789999962,5.860000134,0,60,1000,NA,NA,NA,NA,NA,NA
7007744171,2016-04-21,13744,9.18999958,9.18999958,2763,2.150000095,5.170000076,0,30,1049,NA,NA,NA,NA,NA,NA
7007744171,2016-04-22,15299,10.23999977,10.23999977,2889,4.099999905,4.369999886,0,64,1065,NA,NA,NA,NA,NA,NA
7007744171,2016-04-23,8093,5.409999847,5.409999847,2284,0.1299999952,4.150000095,0,2,1190,NA,NA,NA,NA,NA,NA
7007744171,2016-04-24,11085,7.420000076,7.420000076,2667,0,7.420000076,0,0,1021,NA,NA,NA,NA,NA,NA
7007744171,2016-04-25,18229,13.34000015,12.19999981,3055,4.309999943,7.670000076,0,51,986,NA,NA,NA,NA,NA,NA
7007744171,2016-04-26,15090,10.10000038,10.10000038,2939,0.9300000072,8.229999542,0,16,978,NA,NA,NA,NA,NA,NA
7007744171,2016-04-27,13541,10.22000027,9.06000042,2830,4.269999981,5.289999962,0,50,1041,NA,NA,NA,NA,NA,NA
7007744171,2016-04-28,15128,10.11999989,10.11999989,2836,1.090000033,8.260000229,0,16,1007,NA,NA,NA,NA,NA,NA
7007744171,2016-04-29,20067,14.30000019,13.42000008,3180,4.309999943,7.949999809,0,55,961,NA,NA,NA,NA,NA,NA
7007744171,2016-04-30,3761,2.519999981,2.519999981,2051,0,2.519999981,0,0,1240,NA,NA,NA,NA,NA,NA
7007744171,2016-05-01,5600,3.75,3.75,2225,0,3.75,0,0,1142,NA,NA,NA,1,58,61
7007744171,2016-05-02,13041,9.180000305,8.720000267,2642,4.639999866,3.829999924,0,64,1112,NA,NA,NA,NA,NA,NA
7007744171,2016-05-03,14510,10.86999989,9.710000038,2976,4.480000019,5.360000134,0,58,1021,NA,NA,NA,NA,NA,NA
7007744171,2016-05-04,0,0,0,1557,0,0,0,0,1440,NA,NA,NA,NA,NA,NA
7007744171,2016-05-05,15010,11.10000038,10.03999996,2933,4.329999924,5.480000019,0,53,1047,NA,NA,NA,NA,NA,NA
7007744171,2016-05-06,11459,7.670000076,7.670000076,2553,3,3.859999895,0,44,1136,NA,NA,NA,NA,NA,NA
7007744171,2016-05-07,0,0,0,120,0,0,0,0,111,NA,NA,NA,NA,NA,NA
7086361926,2016-04-12,11317,8.409999847,8.409999847,2772,5.269999981,2.970000029,0,59,745,NA,NA,NA,1,514,525
7086361926,2016-04-13,5813,3.619999886,3.619999886,2516,0.5600000024,2.839999914,0,31,744,NA,NA,NA,1,451,465
7086361926,2016-04-14,9123,6.119999886,6.119999886,2734,2.029999971,3.660000086,0,35,787,NA,NA,NA,1,472,476
7086361926,2016-04-15,8585,5.670000076,5.670000076,2395,2.039999962,2.529999971,0,30,864,NA,NA,NA,1,377,386
7086361926,2016-04-16,31,0.009999999776,0.009999999776,1635,0,0.009999999776,0,0,1437,NA,NA,NA,NA,NA,NA
7086361926,2016-04-17,0,0,0,1629,0,0,0,0,1440,NA,NA,NA,NA,NA,NA
7086361926,2016-04-18,9827,6.710000038,6.710000038,2743,3.170000076,2.309999943,0,61,1136,NA,NA,NA,NA,NA,NA
7086361926,2016-04-19,10688,7.289999962,7.289999962,2944,3.529999971,2.50999999,0,67,671,NA,NA,NA,1,472,483
7086361926,2016-04-20,14365,10.64000034,10.64000034,2997,7.639999866,2.539999962,0,87,797,NA,NA,NA,1,492,502
7086361926,2016-04-21,9469,6.179999828,6.179999828,2463,1.360000014,4.510000229,0,19,758,NA,NA,NA,1,390,411
7086361926,2016-04-22,9753,6.53000021,6.53000021,2846,2.869999886,2.670000076,0,58,762,NA,NA,NA,1,428,448
7086361926,2016-04-23,2817,1.809999943,1.809999943,1965,0,1.799999952,0,0,1350,NA,NA,NA,NA,NA,NA
7086361926,2016-04-24,3520,2.160000086,2.160000086,2049,0,2.150000095,0,0,566,NA,NA,NA,1,681,704
7086361926,2016-04-25,10091,6.820000172,6.820000172,2752,3.75,2.369999886,0,69,706,NA,NA,NA,1,446,447
7086361926,2016-04-26,10387,7.070000172,7.070000172,2781,4.159999847,2.119999886,0,70,726,NA,NA,NA,1,485,500
7086361926,2016-04-27,11107,8.340000153,8.340000153,2693,5.630000114,2.529999971,0,55,829,NA,NA,NA,1,469,479
7086361926,2016-04-28,11584,7.800000191,7.800000191,2862,2.789999962,3.359999895,0,54,810,NA,NA,NA,1,354,367
7086361926,2016-04-29,7881,4.949999809,4.949999809,2616,0.4900000095,4,0,24,1198,NA,NA,NA,NA,NA,NA
7086361926,2016-04-30,14560,9.409999847,9.409999847,2995,3.119999886,5.239999771,0,42,584,NA,NA,NA,1,485,489
7086361926,2016-05-01,12390,8.069999695,8.069999695,2730,2.299999952,4.849999905,0,30,685,NA,NA,NA,1,388,407
7086361926,2016-05-02,10052,6.809999943,6.809999943,2754,3.480000019,2.660000086,0,66,737,NA,NA,NA,1,440,459
7086361926,2016-05-03,10288,6.760000229,6.760000229,2754,2.74000001,3.160000086,0,57,761,NA,NA,NA,1,456,461
7086361926,2016-05-04,10988,8.31000042,8.31000042,2655,5.28000021,2.900000095,0,45,843,NA,NA,NA,1,420,436
7086361926,2016-05-05,8564,5.599999905,5.599999905,2386,1.779999971,2.950000048,0,24,1253,NA,NA,NA,NA,NA,NA
7086361926,2016-05-06,12461,8.380000114,8.380000114,2924,3.819999933,3.119999886,0,84,834,NA,NA,NA,1,322,333
7086361926,2016-05-07,12827,8.479999542,8.479999542,2739,1.460000038,4.679999828,0,20,621,NA,NA,NA,1,530,548
7086361926,2016-05-08,10677,7.099999905,7.099999905,2534,2.309999943,3.25,0,32,695,NA,NA,NA,1,481,510
7086361926,2016-05-09,13566,9.109999657,9.109999657,2960,4.260000229,3.119999886,0,67,743,NA,NA,NA,1,427,438
7086361926,2016-05-10,14433,10.78999996,10.78999996,2800,7.110000134,2.450000048,0,72,1182,NA,NA,NA,NA,NA,NA
7086361926,2016-05-11,9572,6.519999981,6.519999981,2735,2.890000105,2.230000019,0,57,757,NA,NA,NA,1,451,463
7086361926,2016-05-12,3789,2.559999943,2.559999943,1199,0.3799999952,1.889999986,0,5,343,NA,NA,NA,1,444,457
8053475328,2016-04-12,18060,14.11999989,14.11999989,3186,11.64000034,2.099999905,0,116,1193,NA,NA,NA,NA,NA,NA
8053475328,2016-04-13,16433,13.35000038,13.35000038,3140,10.43000031,2.450000048,0,95,1177,NA,NA,NA,NA,NA,NA
8053475328,2016-04-14,20159,15.97000027,15.97000027,3411,12.34000015,3.359999895,0,119,1123,NA,NA,NA,NA,NA,NA
8053475328,2016-04-15,20669,16.23999977,16.23999977,3410,13.26000023,2.589999914,0,132,1142,NA,NA,NA,NA,NA,NA
8053475328,2016-04-16,14549,11.10999966,11.10999966,2867,9.359999657,1.49000001,0,96,1255,NA,NA,NA,NA,NA,NA
8053475328,2016-04-17,18827,13.68999958,13.68999958,3213,9.239999771,3.640000105,0,111,1113,NA,NA,NA,NA,NA,NA
8053475328,2016-04-18,17076,12.65999985,12.65999985,3133,9.079999924,3.349999905,0,102,1137,NA,NA,NA,NA,NA,NA
8053475328,2016-04-19,15929,12.47999954,12.47999954,3114,9.220000267,2.950000048,0,90,1152,NA,NA,NA,NA,NA,NA
8053475328,2016-04-20,15108,12.18999958,12.18999958,3043,9.579999924,2.380000114,0,89,695,NA,NA,NA,1,486,493
8053475328,2016-04-21,16057,12.51000023,12.51000023,3103,9.670000076,2.579999924,0,100,1164,NA,NA,NA,NA,NA,NA
8053475328,2016-04-22,10520,8.289999962,8.289999962,2655,6.260000229,1.879999995,0,60,1260,NA,NA,NA,NA,NA,NA
8053475328,2016-04-23,22359,17.19000053,17.19000053,3554,12.53999996,4.019999981,0,125,741,NA,NA,NA,1,331,337
8053475328,2016-04-24,22988,17.95000076,17.95000076,3577,13.13000011,3.25999999,0,129,1096,NA,NA,NA,NA,NA,NA
8053475328,2016-04-25,20500,15.68999958,15.68999958,3403,11.36999989,3.859999895,0,118,1104,NA,NA,NA,NA,NA,NA
8053475328,2016-04-26,12685,9.619999886,9.619999886,2846,6.309999943,3.099999905,0,68,1182,NA,NA,NA,NA,NA,NA
8053475328,2016-04-27,12422,9.819999695,9.819999695,2852,6.460000038,2.930000067,0,60,1187,NA,NA,NA,NA,NA,NA
8053475328,2016-04-28,15447,12.39999962,12.39999962,3062,9.670000076,2.349999905,0,90,1188,NA,NA,NA,NA,NA,NA
8053475328,2016-04-29,12315,9.649999619,9.649999619,2794,6.170000076,3.170000076,0,58,1215,NA,NA,NA,NA,NA,NA
8053475328,2016-04-30,7135,5.590000153,5.590000153,2408,2.99000001,2.539999962,0,27,1281,NA,NA,NA,NA,NA,NA
8053475328,2016-05-01,1170,0.8500000238,0.8500000238,1886,0,0.8500000238,0,0,1389,NA,NA,NA,NA,NA,NA
8053475328,2016-05-02,1969,1.429999948,1.429999948,1988,0,1.429999948,0,0,1345,NA,NA,NA,NA,NA,NA
8053475328,2016-05-03,15484,11.89999962,11.89999962,3023,8.390000343,2.589999914,0,87,1166,NA,NA,NA,NA,NA,NA
8053475328,2016-05-04,14581,11.14999962,11.14999962,2918,8.819999695,1.909999967,0,89,1220,NA,NA,NA,NA,NA,NA
8053475328,2016-05-05,14990,11.51000023,11.51000023,2950,8.850000381,2.210000038,0,93,1208,NA,NA,NA,NA,NA,NA
8053475328,2016-05-06,13953,11,11,2859,9.100000381,1.210000038,0,90,1245,NA,NA,NA,NA,NA,NA
8053475328,2016-05-07,19769,15.67000008,15.67000008,3331,12.43999958,2.349999905,0,121,1076,NA,NA,NA,1,74,75
8053475328,2016-05-08,22026,17.64999962,17.64999962,3589,13.39999962,3.660000086,0,125,1073,NA,NA,NA,NA,NA,NA
8053475328,2016-05-09,12465,9.380000114,9.380000114,2765,6.119999886,2.690000057,0,66,1214,NA,NA,NA,NA,NA,NA
8053475328,2016-05-10,14810,11.35999966,11.35999966,2926,9.090000153,1.850000024,0,96,1219,NA,NA,NA,NA,NA,NA
8053475328,2016-05-11,12209,9.399999619,9.399999619,2809,6.079999924,3.039999962,0,60,1189,NA,NA,NA,NA,NA,NA
8053475328,2016-05-12,4998,3.910000086,3.910000086,1505,2.950000048,0.7599999905,0,28,839,NA,NA,NA,NA,NA,NA
8253242879,2016-04-12,9033,7.159999847,7.159999847,2044,5.429999828,1.590000033,0,40,1244,NA,NA,NA,NA,NA,NA
8253242879,2016-04-13,8053,6.099999905,6.099999905,1935,4.170000076,1.309999943,0,35,1298,NA,NA,NA,NA,NA,NA
8253242879,2016-04-14,5234,3.460000038,3.460000038,1705,1.929999948,0.5400000215,0,29,1362,NA,NA,NA,NA,NA,NA
8253242879,2016-04-15,2672,1.769999981,1.769999981,1632,0,1.75999999,0,0,1335,NA,NA,NA,NA,NA,NA
8253242879,2016-04-16,9256,6.139999866,6.139999866,1880,0.4300000072,2.450000048,0,6,1268,NA,NA,NA,NA,NA,NA
8253242879,2016-04-17,10204,7.909999847,7.909999847,2112,5.429999828,2.329999924,0,41,1237,NA,NA,NA,NA,NA,NA
8253242879,2016-04-18,5151,3.480000019,3.480000019,1829,1.039999962,1.799999952,0,16,1278,NA,NA,NA,NA,NA,NA
8253242879,2016-04-19,4212,2.779999971,2.779999971,1763,0,2.779999971,0,0,1276,NA,NA,NA,NA,NA,NA
8253242879,2016-04-20,6466,4.269999981,4.269999981,1931,0.3300000131,3.109999895,0.009999999776,5,1201,NA,NA,NA,NA,NA,NA
8253242879,2016-04-21,11268,8.56000042,8.56000042,2218,5.880000114,1.75,0,49,1199,NA,NA,NA,NA,NA,NA
8253242879,2016-04-22,2824,1.870000005,1.870000005,1651,0,1.870000005,0,0,1320,NA,NA,NA,NA,NA,NA
8253242879,2016-04-23,9282,6.260000229,6.260000229,2132,2.089999914,3.130000114,0,30,1193,NA,NA,NA,NA,NA,NA
8253242879,2016-04-24,8905,7.130000114,7.130000114,1976,5.599999905,1.340000033,0,41,1313,NA,NA,NA,NA,NA,NA
8253242879,2016-04-25,6829,4.510000229,4.510000229,1909,0.3600000143,1.769999981,0,7,1261,NA,NA,NA,NA,NA,NA
8253242879,2016-04-26,4562,3.039999962,3.039999962,1813,1.179999948,1.370000005,0,19,1299,NA,NA,NA,NA,NA,NA
8253242879,2016-04-27,10232,8.180000305,8.180000305,2008,6.239999771,1.700000048,0,45,1286,NA,NA,NA,NA,NA,NA
8253242879,2016-04-28,2718,1.799999952,1.799999952,1580,0.6700000167,0.3400000036,0,11,1393,NA,NA,NA,NA,NA,NA
8253242879,2016-04-29,6260,4.260000229,4.260000229,1854,1.289999962,2.400000095,0,16,1257,NA,NA,NA,NA,NA,NA
8253242879,2016-04-30,0,0,0,0,0,0,0,0,1440,NA,NA,NA,NA,NA,NA
8378563200,2016-04-12,7626,6.050000191,6.050000191,3635,0.8299999833,4.5,0,65,723,NA,NA,NA,1,338,356
8378563200,2016-04-13,12386,9.819999695,9.819999695,4079,4.960000038,4.210000038,0,116,680,NA,NA,NA,2,447,487
8378563200,2016-04-14,13318,10.56000042,10.56000042,4163,5.619999886,3.910000086,0,123,699,NA,NA,NA,1,424,455
8378563200,2016-04-15,14461,11.47000027,11.47000027,3666,4.909999847,5.409999847,0,60,729,NA,NA,NA,1,513,533
8378563200,2016-04-16,11207,8.890000343,8.890000343,3363,5.369999886,2.440000057,0,64,563,NA,NA,NA,2,611,689
8378563200,2016-04-17,2132,1.690000057,1.690000057,2572,0,1.690000057,0,0,599,NA,NA,NA,2,525,591
8378563200,2016-04-18,13630,10.81000042,10.81000042,4157,5.050000191,5.199999809,0,117,720,NA,NA,NA,1,398,451
8378563200,2016-04-19,13070,10.35999966,10.35999966,4092,5.300000191,4.179999828,0,120,737,NA,NA,NA,1,387,421
8378563200,2016-04-20,9388,7.440000057,7.440000057,3787,2.230000019,4.78000021,0,82,763,NA,NA,NA,1,381,409
8378563200,2016-04-21,15148,12.01000023,12.01000023,4236,6.900000095,4.289999962,0,137,677,NA,NA,NA,1,396,417
8378563200,2016-04-22,12200,9.670000076,9.670000076,4044,4.909999847,4.179999828,0,113,769,NA,NA,NA,1,441,469
8378563200,2016-04-23,5709,4.53000021,4.53000021,2908,1.519999981,2.480000019,0,19,740,NA,NA,NA,1,565,591
8378563200,2016-04-24,3703,2.940000057,2.940000057,2741,0,2.940000057,0,0,734,NA,NA,NA,1,458,492
8378563200,2016-04-25,12405,9.840000153,9.840000153,4005,5.050000191,3.920000076,0,117,692,NA,NA,NA,1,388,402
8378563200,2016-04-26,16208,12.85000038,12.85000038,3763,7.510000229,4.420000076,0,90,593,NA,NA,NA,1,550,584
8378563200,2016-04-27,7359,5.840000153,5.840000153,3061,0.3300000131,5.329999924,0,4,676,NA,NA,NA,1,531,600
8378563200,2016-04-28,5417,4.300000191,4.300000191,2884,0.8999999762,2.910000086,0,11,711,NA,NA,NA,1,506,556
8378563200,2016-04-29,6175,4.900000095,4.900000095,2982,0.25,4.269999981,0,3,767,NA,NA,NA,1,527,562
8378563200,2016-04-30,2946,2.339999914,2.339999914,2660,0,2.339999914,0,0,780,NA,NA,NA,1,468,555
8378563200,2016-05-01,11419,9.06000042,9.06000042,3369,6.03000021,2.470000029,0,71,669,NA,NA,NA,1,475,539
8378563200,2016-05-02,6064,4.809999943,4.809999943,3491,0.6299999952,4.010000229,0,63,802,NA,NA,NA,1,351,385
8378563200,2016-05-03,8712,6.909999847,6.909999847,3784,1.340000033,4.5,0,71,822,NA,NA,NA,1,405,429
8378563200,2016-05-04,7875,6.239999771,6.239999771,3110,1.559999943,4.199999809,0,19,680,NA,NA,NA,1,441,477
8378563200,2016-05-05,8567,6.789999962,6.789999962,3783,0.8899999857,5.739999771,0,66,764,NA,NA,NA,1,381,417
8378563200,2016-05-06,7045,5.590000153,5.590000153,3644,1.549999952,3.779999971,0,74,831,NA,NA,NA,1,323,355
8378563200,2016-05-07,4468,3.539999962,3.539999962,2799,0,3.539999962,0,0,851,NA,NA,NA,2,459,513
8378563200,2016-05-08,2943,2.329999924,2.329999924,2685,0,2.329999924,0,0,621,NA,NA,NA,1,545,606
8378563200,2016-05-09,8382,6.650000095,6.650000095,3721,1.269999981,4.71999979,0,71,772,NA,NA,NA,1,359,399
8378563200,2016-05-10,6582,5.21999979,5.21999979,3586,0.6600000262,3.920000076,0,63,840,NA,NA,NA,1,342,391
8378563200,2016-05-11,9143,7.25,7.25,3788,1.389999986,5.269999981,0,72,763,NA,NA,NA,1,368,387
8378563200,2016-05-12,4561,3.619999886,3.619999886,1976,0.6499999762,2.690000057,0,8,433,NA,NA,NA,1,496,546
8583815059,2016-04-12,5014,3.910000086,3.910000086,2650,0,3.579999924,0,0,1237,NA,NA,NA,NA,NA,NA
8583815059,2016-04-13,5571,4.349999905,4.349999905,2654,0.150000006,3.230000019,0,2,1252,NA,NA,NA,NA,NA,NA
8583815059,2016-04-14,3135,2.450000048,2.450000048,2443,0,2.430000067,0,0,1306,NA,NA,NA,NA,NA,NA
8583815059,2016-04-15,3430,2.680000067,2.680000067,2505,0,0.8999999762,0,0,1375,NA,NA,NA,NA,NA,NA
8583815059,2016-04-16,5319,4.150000095,4.150000095,2693,0,0,0,0,1440,NA,NA,NA,NA,NA,NA
8583815059,2016-04-17,3008,2.349999905,2.349999905,2439,0,0,0,0,1440,NA,NA,NA,NA,NA,NA
8583815059,2016-04-18,3864,3.00999999,3.00999999,2536,0.3100000024,1.350000024,0,4,1309,NA,NA,NA,NA,NA,NA
8583815059,2016-04-19,5697,4.440000057,4.440000057,2668,0.5299999714,3.440000057,0,7,1257,NA,NA,NA,NA,NA,NA
8583815059,2016-04-20,5273,4.110000134,4.110000134,2647,0,3.069999933,0,0,1246,NA,NA,NA,NA,NA,NA
8583815059,2016-04-21,8538,6.659999847,6.659999847,2883,2.630000114,3.00999999,0,35,1229,NA,NA,NA,NA,NA,NA
8583815059,2016-04-22,8687,6.78000021,6.78000021,2944,0.2899999917,4.079999924,0,4,1170,NA,NA,NA,NA,NA,NA
8583815059,2016-04-23,9423,7.349999905,7.349999905,3012,0.5299999714,4.75,0,7,1151,NA,NA,NA,NA,NA,NA
8583815059,2016-04-24,8286,6.460000038,6.460000038,2889,0.150000006,4.269999981,0,2,1188,NA,NA,NA,NA,NA,NA
8583815059,2016-04-25,4503,3.50999999,3.50999999,2547,1.470000029,1.809999943,0,18,1294,NA,NA,NA,NA,NA,NA
8583815059,2016-04-26,10499,8.18999958,8.18999958,3093,0.0700000003,3.890000105,0,1,1134,NA,NA,NA,NA,NA,NA
8583815059,2016-04-27,12474,9.729999542,9.729999542,3142,6.599999905,2.869999886,0,77,1229,NA,NA,NA,NA,NA,NA
8583815059,2016-04-28,6174,4.820000172,4.820000172,2757,0,3.609999895,0,0,1209,NA,NA,NA,NA,NA,NA
8583815059,2016-04-29,15168,11.82999992,11.82999992,3513,3.900000095,4.920000076,0,46,1069,NA,NA,NA,NA,NA,NA
8583815059,2016-04-30,10085,7.869999886,7.869999886,3164,0.150000006,6.429999828,0,2,1093,NA,NA,NA,NA,NA,NA
8583815059,2016-05-01,4512,3.519999981,3.519999981,2596,0.7799999714,2.039999962,0,10,1311,NA,NA,NA,NA,NA,NA
8583815059,2016-05-02,8469,6.610000134,6.610000134,2894,0,0,0,0,1440,NA,NA,NA,NA,NA,NA
8583815059,2016-05-03,12015,9.369999886,9.369999886,3212,0,0,0,0,1440,NA,NA,NA,NA,NA,NA
8583815059,2016-05-04,3588,2.799999952,2.799999952,2516,0,0,0,0,1440,NA,NA,NA,NA,NA,NA
8583815059,2016-05-05,12427,9.68999958,9.68999958,3266,0,1.179999948,0,0,1370,NA,NA,NA,NA,NA,NA
8583815059,2016-05-06,5843,4.559999943,4.559999943,2683,0.1400000006,3.230000019,0,2,1250,NA,NA,NA,NA,NA,NA
8583815059,2016-05-07,6117,4.769999981,4.769999981,2810,0,4.769999981,0,0,1190,NA,NA,NA,NA,NA,NA
8583815059,2016-05-08,9217,7.190000057,7.190000057,2940,0.2199999988,3.660000086,0,3,1183,NA,NA,NA,NA,NA,NA
8583815059,2016-05-09,9877,7.699999809,7.699999809,2947,5.760000229,1.730000019,0,66,1260,NA,NA,NA,NA,NA,NA
8583815059,2016-05-10,8240,6.429999828,6.429999828,2846,0.6899999976,3.720000029,0,9,1226,NA,NA,NA,NA,NA,NA
8583815059,2016-05-11,8701,6.789999962,6.789999962,2804,0.3700000048,3.170000076,0,5,1106,NA,NA,NA,NA,NA,NA
8583815059,2016-05-12,0,0,0,0,0,0,0,0,1440,NA,NA,NA,NA,NA,NA
8792009665,2016-04-12,2564,1.639999986,1.639999986,2044,0,1.639999986,0,0,831,NA,NA,NA,1,458,493
8792009665,2016-04-13,1320,0.8399999738,0.8399999738,1934,0,0.8399999738,0,0,806,NA,NA,NA,1,531,552
8792009665,2016-04-14,1219,0.7799999714,0.7799999714,1963,0,0.7799999714,0,0,853,NA,NA,NA,1,486,503
8792009665,2016-04-15,2483,1.590000033,1.590000033,2009,0,1.590000033,0,0,937,NA,NA,NA,1,363,377
8792009665,2016-04-16,244,0.1599999964,0.1599999964,1721,0,0.1599999964,0,0,1428,NA,NA,NA,NA,NA,NA
8792009665,2016-04-17,0,0,0,1688,0,0,0,0,1440,NA,NA,NA,NA,NA,NA
8792009665,2016-04-18,0,0,0,1688,0,0,0,0,1440,NA,NA,NA,NA,NA,NA
8792009665,2016-04-19,0,0,0,1688,0,0,0,0,1440,NA,NA,NA,NA,NA,NA
8792009665,2016-04-20,3147,2.00999999,2.00999999,2188,0,1.74000001,0,0,744,NA,NA,NA,1,528,547
8792009665,2016-04-21,144,0.09000000358,0.09000000358,1720,0,0.09000000358,0,0,1431,NA,NA,NA,NA,NA,NA
8792009665,2016-04-22,4068,2.599999905,2.599999905,2419,0.05000000075,2.269999981,0,1,817,NA,NA,NA,1,391,407
8792009665,2016-04-23,5245,3.359999895,3.359999895,2748,0.1599999964,2.75,0,8,795,NA,NA,NA,1,339,360
8792009665,2016-04-24,400,0.2599999905,0.2599999905,1799,0.03999999911,0.1599999964,0,3,1410,NA,NA,NA,NA,NA,NA
8792009665,2016-04-25,0,0,0,1688,0,0,0,0,1440,NA,NA,NA,NA,NA,NA
8792009665,2016-04-26,1321,0.8500000238,0.8500000238,1928,0,0.8500000238,0,0,1360,NA,NA,NA,NA,NA,NA
8792009665,2016-04-27,1758,1.129999995,1.129999995,2067,0,1.129999995,0,0,900,NA,NA,NA,1,423,428
8792009665,2016-04-28,6157,3.940000057,3.940000057,2780,0,3.940000057,0,0,714,NA,NA,NA,1,402,416
8792009665,2016-04-29,8360,5.349999905,5.349999905,3101,0.1400000006,4.929999828,0,6,634,NA,NA,NA,1,398,406
8792009665,2016-04-30,7174,4.590000153,4.590000153,2896,0.3300000131,3.910000086,0,10,749,NA,NA,NA,1,343,360
8792009665,2016-05-01,1619,1.039999962,1.039999962,1962,0,1.039999962,0,0,834,NA,NA,NA,1,503,527
8792009665,2016-05-02,1831,1.169999957,1.169999957,2015,0,1.169999957,0,0,916,NA,NA,NA,1,415,423
8792009665,2016-05-03,2421,1.549999952,1.549999952,2297,0,1.549999952,0,0,739,NA,NA,NA,1,516,545
8792009665,2016-05-04,2283,1.460000038,1.460000038,2067,0,1.460000038,0,0,848,NA,NA,NA,1,439,463
8792009665,2016-05-05,0,0,0,1688,0,0,0,0,1440,NA,NA,NA,NA,NA,NA
8792009665,2016-05-06,0,0,0,1688,0,0,0,0,1440,NA,NA,NA,NA,NA,NA
8792009665,2016-05-07,0,0,0,1688,0,0,0,0,1440,NA,NA,NA,NA,NA,NA
8792009665,2016-05-08,0,0,0,1688,0,0,0,0,1440,NA,NA,NA,NA,NA,NA
8792009665,2016-05-09,0,0,0,1688,0,0,0,0,1440,NA,NA,NA,NA,NA,NA
8792009665,2016-05-10,0,0,0,57,0,0,0,0,48,NA,NA,NA,NA,NA,NA
8877689391,2016-04-12,23186,20.39999962,20.39999962,3921,12.22000027,7.820000172,0,85,1036,85.80000305,25.68000031,FALSE,NA,NA,NA
8877689391,2016-04-13,15337,9.579999924,9.579999924,3566,3.549999952,5.639999866,0,108,1098,84.90000153,25.40999985,FALSE,NA,NA,NA
8877689391,2016-04-14,21129,18.97999954,18.97999954,3793,10.55000019,7.75,0.01999999955,68,1061,84.5,25.30999947,FALSE,NA,NA,NA
8877689391,2016-04-15,13422,7.170000076,7.170000076,3934,0.05000000075,7.010000229,0.009999999776,106,1052,NA,NA,NA,NA,NA,NA
8877689391,2016-04-16,29326,25.29000092,25.29000092,4547,13.23999977,10.71000004,0,94,888,85.5,25.59000015,FALSE,NA,NA,NA
8877689391,2016-04-17,15118,8.869999886,8.869999886,3545,0,8.789999962,0,58,1060,NA,NA,NA,NA,NA,NA
8877689391,2016-04-18,11423,8.670000076,8.670000076,2761,2.440000057,5.940000057,0,29,1215,85.80000305,25.68000031,FALSE,NA,NA,NA
8877689391,2016-04-19,18785,17.39999962,17.39999962,3676,12.14999962,5.03000021,0,82,1131,85.30000305,25.53000069,FALSE,NA,NA,NA
8877689391,2016-04-20,19948,18.11000061,18.11000061,3679,11.02000046,6.340000153,0,73,1123,84.90000153,25.40999985,FALSE,NA,NA,NA
8877689391,2016-04-21,19377,17.62000084,17.62000084,3659,12.28999996,4.889999866,0,82,1119,84.5,25.29000092,FALSE,NA,NA,NA
8877689391,2016-04-22,18258,16.30999947,16.30999947,3427,10.22999954,5.96999979,0.05000000075,61,1141,NA,NA,NA,NA,NA,NA
8877689391,2016-04-23,11200,7.429999828,7.429999828,3891,0,7.400000095,0.009999999776,102,1032,85.5,25.59000015,FALSE,NA,NA,NA
8877689391,2016-04-24,16674,15.73999977,15.73999977,3455,11.01000023,4.690000057,0,64,1148,85.5,25.59000015,FALSE,NA,NA,NA
8877689391,2016-04-25,12986,8.739999771,8.739999771,3802,2.369999886,6.269999981,0.009999999776,113,1101,85.40000153,25.55999947,FALSE,NA,NA,NA
8877689391,2016-04-26,11101,8.430000305,8.430000305,2860,1.75999999,6.5,0,22,1157,85.09999847,25.48999977,FALSE,NA,NA,NA
8877689391,2016-04-27,23629,20.64999962,20.64999962,3808,13.06999969,7.099999905,0,93,1104,85.40000153,25.55999947,FALSE,NA,NA,NA
8877689391,2016-04-28,14890,11.30000019,11.30000019,3060,4.929999828,5.96999979,0,58,1143,85.09999847,25.48999977,FALSE,NA,NA,NA
8877689391,2016-04-29,9733,7.389999866,7.389999866,2698,1.379999995,5.789999962,0,18,1207,84.90000153,25.40999985,FALSE,NA,NA,NA
8877689391,2016-04-30,27745,26.71999931,26.71999931,4398,21.65999985,4.929999828,0,124,1089,85.5,25.59000015,FALSE,NA,NA,NA
8877689391,2016-05-01,10930,8.319999695,8.319999695,2786,3.130000114,4.570000172,0,36,1226,85.30000305,25.53000069,FALSE,NA,NA,NA
8877689391,2016-05-02,4790,3.640000105,3.640000105,2189,0,3.559999943,0,0,1335,NA,NA,NA,NA,NA,NA
8877689391,2016-05-03,10818,8.210000038,8.210000038,2817,1.389999986,6.670000076,0.009999999776,19,1189,84.90000153,25.40999985,FALSE,NA,NA,NA
8877689391,2016-05-04,18193,16.29999924,16.29999924,3477,10.42000008,5.53000021,0,66,1154,84.40000153,25.26000023,FALSE,NA,NA,NA
8877689391,2016-05-05,14055,10.67000008,10.67000008,3052,5.460000038,4.369999886,0,67,1170,NA,NA,NA,NA,NA,NA
8877689391,2016-05-06,21727,19.34000015,19.34000015,4015,12.78999996,6.159999847,0,96,1095,85,25.44000053,FALSE,NA,NA,NA
8877689391,2016-05-07,12332,8.130000114,8.130000114,4142,0.07999999821,6.989999771,0,105,1036,NA,NA,NA,NA,NA,NA
8877689391,2016-05-08,10686,8.109999657,8.109999657,2847,1.080000043,6.800000191,0,17,1174,85.40000153,25.55999947,FALSE,NA,NA,NA
8877689391,2016-05-09,20226,18.25,18.25,3710,11.10000038,6.239999771,0.05000000075,73,1131,85.5,25.61000061,FALSE,NA,NA,NA
8877689391,2016-05-10,10733,8.149999619,8.149999619,2832,1.350000024,6.28000021,0,18,1187,NA,NA,NA,NA,NA,NA
8877689391,2016-05-11,21420,19.55999947,19.55999947,3832,13.22000027,5.889999866,0,88,1127,85.40000153,25.55999947,FALSE,NA,NA,NA
8877689391,2016-05-12,8064,6.119999886,6.119999886,1849,1.820000052,4.25,0,23,770,84,25.13999939,FALSE,NA,NA,NA
