"Id","hour","sum_calories","total_intensity","avg_intensity","step_total","heart_mean"
1503960366,0,1829,222,8,4280,NA
1503960366,1,1616,105,2.5,1503,NA
1503960366,10,2418,486,16,13536,NA
1503960366,11,2391,438,12,14249,NA
1503960366,12,2505,548,12.5,16598,NA
1503960366,13,2674,625,13,20880,NA
1503960366,14,2716,697,20,21603,NA
1503960366,15,2346,441,11.5,13703,NA
1503960366,16,2544,579,10.5,17373,NA
1503960366,17,2709,625,15,20923,NA
1503960366,18,3854,1343,31,46683,NA
1503960366,19,3149,945,20.5,29151,NA
1503960366,2,1508,53,0,870,NA
1503960366,20,3172,957,21.5,32678,NA
1503960366,21,3398,1105,22,38686,NA
1503960366,22,2524,625,11,19800,NA
1503960366,23,2562,695,15,21662,NA
1503960366,3,1459,28,0,355,NA
1503960366,4,1431,10,0,108,NA
1503960366,5,1427,5,0,63,NA
1503960366,6,1467,30,0,465,NA
1503960366,7,1537,78,3,1176,NA
1503960366,8,1876,273,9,5641,NA
1503960366,9,3175,681,25,32560,NA
1624580081,0,1760,137,3,2542,NA
1624580081,1,1630,59,0,428,NA
1624580081,10,2185,433,8,20445,NA
1624580081,11,2076,363,10,7982,NA
1624580081,12,2021,313,8,5758,NA
1624580081,13,2175,396,6,11971,NA
1624580081,14,2126,363,8,10905,NA
1624580081,15,1809,160,3,4535,NA
1624580081,16,1908,256,4,7709,NA
1624580081,17,2020,315,6.5,8670,NA
1624580081,18,2183,422,11,10519,NA
1624580081,19,2273,505,12.5,13091,NA
1624580081,2,1656,77,1,1167,NA
1624580081,20,1896,266,6,6231,NA
1624580081,21,1920,295,6,6681,NA
1624580081,22,1899,275,8,6709,NA
1624580081,23,1750,175,4.5,2829,NA
1624580081,3,1571,15,0,270,NA
1624580081,4,1596,33,0,213,NA
1624580081,5,1645,59,0,1854,NA
1624580081,6,1739,117,0,3419,NA
1624580081,7,1909,203,0,8661,NA
1624580081,8,2042,293,1,15185,NA
1624580081,9,2191,387,2,19976,NA
1644430081,0,2834,112,0,2385,NA
1644430081,1,2698,64,0,1138,NA
1644430081,10,3306,224,4.5,4721,NA
1644430081,11,3574,283,6,7790,NA
1644430081,12,3771,387,7,10558,NA
1644430081,13,4058,456,13,13722,NA
1644430081,14,3950,446,12,13157,NA
1644430081,15,3512,288,8,7638,NA
1644430081,16,3658,370,8,9483,NA
1644430081,17,3891,372,12,12414,NA
1644430081,18,4629,647,16,21346,NA
1644430081,19,5668,1073,27,34791,NA
1644430081,2,2710,70,0,1282,NA
1644430081,20,4631,679,17,20999,NA
1644430081,21,4565,739,11,22194,NA
1644430081,22,3924,483,5,14384,NA
1644430081,23,2806,118,1,2885,NA
1644430081,3,2609,45,0,237,NA
1644430081,4,2556,18,0,74,NA
1644430081,5,2550,15,0,15,NA
1644430081,6,2548,14,0,14,NA
1644430081,7,2806,79,0,2455,NA
1644430081,8,3572,256,8,9452,NA
1644430081,9,3299,210,4,4793,NA
1844505072,0,1938,94,0,2208,NA
1844505072,1,1816,36,0,826,NA
1844505072,10,2318,280,3,6541,NA
1844505072,11,2428,365,0,7894,NA
1844505072,12,2231,263,0,5532,NA
1844505072,13,2135,214,0,4584,NA
1844505072,14,2236,258,0.5,5880,NA
1844505072,15,2214,258,2.5,5320,NA
1844505072,16,2161,231,0,5310,NA
1844505072,17,2140,219,0,4877,NA
1844505072,18,2040,168,0,3213,NA
1844505072,19,2203,242,0,5273,NA
1844505072,2,1797,25,0,773,NA
1844505072,20,2208,262,0,5727,NA
1844505072,21,2130,210,0,4186,NA
1844505072,22,2138,212,0,4754,NA
1844505072,23,1970,127,0,2677,NA
1844505072,3,1741,3,0,52,NA
1844505072,4,1736,0,0,0,NA
1844505072,5,1736,0,0,0,NA
1844505072,6,1752,7,0,113,NA
1844505072,7,1753,8,0,122,NA
1844505072,8,1871,64,0,1473,NA
1844505072,9,1989,125,0,2607,NA
1927972279,0,2674,3,0,20,NA
1927972279,1,2674,3,0,23,NA
1927972279,10,3083,129,0,3572,NA
1927972279,11,3206,189,0,4431,NA
1927972279,12,2886,73,0,1312,NA
1927972279,13,3030,127,0,3148,NA
1927972279,14,2796,41,0,916,NA
1927972279,15,2881,72,0,1490,NA
1927972279,16,2903,105,0,2127,NA
1927972279,17,2901,110,0,1759,NA
1927972279,18,2896,107,0,1843,NA
1927972279,19,2977,139,0,2710,NA
1927972279,2,2672,2,0,17,NA
1927972279,20,2726,50,0,598,NA
1927972279,21,2710,45,0,542,NA
1927972279,22,2632,17,0,208,NA
1927972279,23,2605,10,0,96,NA
1927972279,3,2672,2,0,22,NA
1927972279,4,2688,8,0,110,NA
1927972279,5,2666,0,0,0,NA
1927972279,6,2672,3,0,28,NA
1927972279,7,2665,0,0,0,NA
1927972279,8,2940,91,0,2676,NA
1927972279,9,2792,41,0,752,NA
2022484408,0,1922,0,0,0,NA
2022484408,1,1922,0,0,0,NA
2022484408,10,6230,1726,42,42062,89.6726447044335
2022484408,11,4268,934,23,23736,78.4145202833226
2022484408,12,3793,756,21,20849,76.3650500126082
2022484408,13,3780,678,19,20109,78.3158181323169
2022484408,14,5975,1623,42,52933,87.9389454209066
2022484408,15,3965,793,22,23334,76.6636909592599
2022484408,16,4300,930,24,27940,78.9661880113541
2022484408,17,3657,692,23,17514,75.6552797644089
2022484408,18,3663,737,21,19445,77.6167171599472
2022484408,19,3220,518,17,12443,76.3627980625931
2022484408,2,1922,0,0,0,NA
2022484408,20,2287,185,4.5,3719,72.7769506479184
2022484408,21,1987,50,0,632,78.4022471910112
2022484408,22,1877,7,0,182,66.8703703703704
2022484408,23,1860,0,0,0,NA
2022484408,3,1922,0,0,0,NA
2022484408,4,1922,0,0,0,NA
2022484408,5,1922,0,0,0,NA
2022484408,6,2089,69,0,1717,71.5225851285615
2022484408,7,3067,446,12,11141,79.0778114350625
2022484408,8,3237,495,15,14555,73.8060330108139
2022484408,9,6846,1896,35,59401,93.1250688271848
2026352035,0,1474,16,0,150,NA
2026352035,1,1464,6,0,105,NA
2026352035,10,2222,437,13,9994,95.6932907348243
2026352035,11,2286,464,11,11322,105.880597014925
2026352035,12,2233,456,10,10787,NA
2026352035,13,2426,555,16,13910,NA
2026352035,14,2406,573,16,12564,NA
2026352035,15,2533,630,22,15293,NA
2026352035,16,2415,581,12,14247,103.730659025788
2026352035,17,2352,560,17,12778,102.658595641646
2026352035,18,2327,575,19,11215,91.8864541832669
2026352035,19,2098,425,14,8053,86.561135371179
2026352035,2,1460,3,0,19,NA
2026352035,20,2166,493,14,9293,77.1481481481482
2026352035,21,1716,201,5,4139,NA
2026352035,22,1491,61,1,809,73
2026352035,23,1451,37,1,352,NA
2026352035,3,1466,8,0,70,NA
2026352035,4,1461,4,0,42,NA
2026352035,5,1540,50,0,1283,67.1986301369863
2026352035,6,2196,452,16,10178,73.2826086956522
2026352035,7,2259,510,14,9035,NA
2026352035,8,2187,454,13,8231,NA
2026352035,9,2146,407,10,8199,105.139705882353
2320127002,0,1989,143,0,2805,NA
2320127002,1,1992,140,0,2935,NA
2320127002,10,2259,268,4,6258,NA
2320127002,11,2289,287,0,6734,NA
2320127002,12,2408,333,0,8720,NA
2320127002,13,2181,225,0,5700,NA
2320127002,14,2240,251,0,6592,NA
2320127002,15,2429,381,10.5,10145,NA
2320127002,16,2421,381,12.5,8430,NA
2320127002,17,2447,404,15.5,8934,NA
2320127002,18,2256,311,8,6317,NA
2320127002,19,2300,332,9.5,6777,NA
2320127002,2,1923,110,0,2180,NA
2320127002,20,2509,436,14,9983,NA
2320127002,21,2491,433,15.5,9549,NA
2320127002,22,2415,383,12.5,8616,NA
2320127002,23,2175,268,7.5,5463,NA
2320127002,3,1878,86,0,1854,NA
2320127002,4,1841,68,0,1371,NA
2320127002,5,1870,81,0,1750,NA
2320127002,6,2100,207,0,4009,NA
2320127002,7,2497,405,14,9339,NA
2320127002,8,2202,237,0,5587,NA
2320127002,9,2216,256,1,5987,NA
2347167796,0,1029,4,0,31,69.2810304449649
2347167796,1,1025,1,0,8,66.63896373057
2347167796,10,1504,255,12,4910,75.7483390911507
2347167796,11,1819,365,12,8150,78.2651039486535
2347167796,12,1588,287,15,6325,74.8880093814131
2347167796,13,1941,449,22,13849,80.4631339678932
2347167796,14,1588,292,17,4530,79.8033485540335
2347167796,15,1444,217,10,2749,77.5209784796408
2347167796,16,1376,207,12,3203,75.0513750377758
2347167796,17,1502,255,13,5586,74.7819245230469
2347167796,18,2537,638,36,24223,85.8785552479235
2347167796,19,2065,496,19,14302,85.8710203058411
2347167796,2,1032,7,0,47,64.1629929221436
2347167796,20,2038,492,28,15345,83.1390423572744
2347167796,21,1814,426,14,13140,80.2601066816395
2347167796,22,1220,126,4,2996,72.7922218221102
2347167796,23,984,11,0,125,70.6091549295775
2347167796,3,1022,1,0,4,64.1644390441474
2347167796,4,1029,6,0,63,63.1831325301205
2347167796,5,1026,3,0,36,62.1831210191083
2347167796,6,1045,40,2,811,64.9263359591228
2347167796,7,2028,520,14,18236,83.4300328121984
2347167796,8,2481,622,26,24352,90.7487712881472
2347167796,9,1592,292,10,8316,83.9930766427791
2873212765,0,1653,19,0,276,NA
2873212765,1,1622,0,0,0,NA
2873212765,10,3381,944,33,21535,NA
2873212765,11,2598,463,15,12957,NA
2873212765,12,3589,1072,34,24113,NA
2873212765,13,3065,732,27,17602,NA
2873212765,14,2438,441,9,9249,NA
2873212765,15,2491,476,13,9747,NA
2873212765,16,2478,530,19,9442,NA
2873212765,17,2673,657,19.5,10190,NA
2873212765,18,2462,556,18,8999,NA
2873212765,19,2219,407,11.5,6747,NA
2873212765,2,1622,0,0,0,NA
2873212765,20,2057,301,8,4662,NA
2873212765,21,1929,230,7,3098,NA
2873212765,22,1706,85,0,1301,NA
2873212765,23,1610,29,0,230,NA
2873212765,3,1622,0,0,0,NA
2873212765,4,1622,0,0,0,NA
2873212765,5,2119,338,15,4156,NA
2873212765,6,2474,465,10,6440,NA
2873212765,7,3634,953,25,30266,NA
2873212765,8,4364,1311,33,32917,NA
2873212765,9,3631,1106,38,20203,NA
3372868164,0,1140,15,0.5,81,NA
3372868164,1,1133,11,0,0,NA
3372868164,10,2535,767,32.5,16380,NA
3372868164,11,2399,717,30,15028,NA
3372868164,12,1802,417,20,7246,NA
3372868164,13,1671,336,17.5,6008,NA
3372868164,14,2111,573,23.5,12094,NA
3372868164,15,2060,544,23.5,11131,NA
3372868164,16,1720,405,22,7315,NA
3372868164,17,1726,415,23,6934,NA
3372868164,18,1707,381,21,7852,NA
3372868164,19,1723,393,16,9048,NA
3372868164,2,1137,14,0,19,NA
3372868164,20,1643,371,20,6287,NA
3372868164,21,1297,155,7,1668,NA
3372868164,22,1213,100,5,878,NA
3372868164,23,1119,35,0,331,NA
3372868164,3,1130,7,0,53,NA
3372868164,4,1127,6,0,0,NA
3372868164,5,1265,99,2,877,NA
3372868164,6,1294,119,6,1476,NA
3372868164,7,1572,288,11.5,4813,NA
3372868164,8,1951,508,23.5,10134,NA
3372868164,9,2114,583,25,11404,NA
3977333714,0,1497,174,4,3913,NA
3977333714,1,1288,43,0,888,NA
3977333714,10,1974,485,17,13134,NA
3977333714,11,2033,539,12,15739,NA
3977333714,12,1797,359,8,10779,NA
3977333714,13,2390,766,15,24474,NA
3977333714,14,2413,817,16,24783,NA
3977333714,15,1899,447,11,12412,NA
3977333714,16,2124,608,13,16765,NA
3977333714,17,2284,692,15,22315,NA
3977333714,18,2310,750,19,21948,NA
3977333714,19,2689,1032,13,32761,NA
3977333714,2,1240,14,0,200,NA
3977333714,20,2441,818,9,27493,NA
3977333714,21,2418,810,10,26958,NA
3977333714,22,2741,980,11,34685,NA
3977333714,23,2502,760,6,28839,NA
3977333714,3,1238,16,0,169,NA
3977333714,4,1224,5,0,40,NA
3977333714,5,1231,11,0,83,NA
3977333714,6,1257,25,0,471,NA
3977333714,7,1302,55,0,1173,NA
3977333714,8,1470,175,2,4074,NA
3977333714,9,1540,218,4,4148,NA
4020332650,0,2697,20,0,190,74.0495852534562
4020332650,1,2967,112,0,352,74.0418135213073
4020332650,10,3093,124,0,2575,85.3967174464998
4020332650,11,3177,147,0,3336,86.9149306996431
4020332650,12,3110,132,0,3371,88.754867737181
4020332650,13,2952,98,0,2270,84.6517032792104
4020332650,14,3152,137,0,3452,87.8564374677574
4020332650,15,3416,217,0,4947,89.1720212496838
4020332650,16,3718,298,0,8747,92.2758574935315
4020332650,17,3372,215,0,5172,90.5724202480306
4020332650,18,3325,207,0,5409,92.7409745511935
4020332650,19,3259,167,0,3910,95.5384903539989
4020332650,2,3013,133,0,364,71.2114069067832
4020332650,20,3432,219,0,4943,95.0952457179446
4020332650,21,3352,229,0,3675,91.0990757008632
4020332650,22,3418,222,0,5425,87.8636727505604
4020332650,23,3057,139,0,2063,84.8026956972525
4020332650,3,2615,6,0,0,64.8556780510369
4020332650,4,2598,9,0,137,61.3399725902238
4020332650,5,2581,3,0,31,61.6566388788208
4020332650,6,2588,4,0,64,62.752846762824
4020332650,7,2874,90,0,2656,71.660333006856
4020332650,8,2926,89,0,2083,78.0652307692308
4020332650,9,3241,173,0,3227,84.8300395256917
4057192912,0,298,1,0,7,NA
4057192912,1,296,0,0,0,NA
4057192912,10,328,12,1.5,325,NA
4057192912,11,434,32,8.5,1833,NA
4057192912,12,344,19,5.5,438,NA
4057192912,13,432,37,12,1657,NA
4057192912,14,357,18,5.5,730,NA
4057192912,15,332,13,3,399,NA
4057192912,16,326,28,11,1284,NA
4057192912,17,254,12,5,326,NA
4057192912,18,333,35,15,1213,NA
4057192912,19,301,32,12,676,NA
4057192912,2,296,0,0,0,NA
4057192912,20,256,14,7,305,NA
4057192912,21,224,1,0,11,NA
4057192912,22,226,2,0,23,NA
4057192912,23,222,0,0,0,NA
4057192912,3,315,8,0,156,NA
4057192912,4,296,0,0,0,NA
4057192912,5,296,0,0,0,NA
4057192912,6,300,2,0,24,NA
4057192912,7,452,55,14.5,1813,NA
4057192912,8,494,69,19,2295,NA
4057192912,9,437,41,9.5,1790,NA
4319703577,0,1915,14,0,206,NA
4319703577,1,1906,12,0,98,NA
4319703577,10,3958,859,34.5,30068,NA
4319703577,11,3255,656,26.5,16649,NA
4319703577,12,3463,776,28,20378,NA
4319703577,13,2832,463,15,11582,NA
4319703577,14,3018,535,19,13634,NA
4319703577,15,3024,590,19,11576,NA
4319703577,16,2981,560,17.5,11652,NA
4319703577,17,2913,522,16,11411,NA
4319703577,18,2926,522,16,13536,NA
4319703577,19,3609,807,28.5,24951,NA
4319703577,2,1903,8,0,67,NA
4319703577,20,2670,382,9.5,9801,NA
4319703577,21,2237,187,5,3676,NA
4319703577,22,2460,305,8,6070,NA
4319703577,23,1998,89,0.5,1430,NA
4319703577,3,1921,19,0,200,NA
4319703577,4,1862,19,0,199,NA
4319703577,5,1989,65,0,2057,NA
4319703577,6,2068,95,0,3672,NA
4319703577,7,2174,151,1,3932,NA
4319703577,8,2481,306,5.5,7312,NA
4319703577,9,2341,247,3.5,5307,NA
4388161847,0,2486,15,0,173,55.9986008115293
4388161847,1,2480,18,0,149,54.3713921901528
4388161847,10,4191,458,12,16741,66.4624005197336
4388161847,11,4040,425,8,14842,65.9683168316832
4388161847,12,4412,559,11,18727,66.8801407153028
4388161847,13,4170,481,9,15203,66.4021776406036
4388161847,14,4047,467,7,14305,65.7060365161178
4388161847,15,3627,364,10,11314,62.8385015235705
4388161847,16,5134,725,23,25459,73.6458659632347
4388161847,17,5730,1029,29.5,28778,76.8940521902672
4388161847,18,5654,982,24,28718,74.3909277051504
4388161847,19,5164,748,18.5,25173,74.8307949924248
4388161847,2,2480,17,0,170,53.025312895514
4388161847,20,4811,745,13.5,21989,70.7176574977817
4388161847,21,3091,204,4,4971,63.9866957219865
4388161847,22,2726,105,2,2075,61.6038160858619
4388161847,23,2514,38,0,548,59.2389964157706
4388161847,3,2509,25,0,372,52.183312782573
4388161847,4,2545,39,0,666,52.9268613522757
4388161847,5,4771,782,28,17827,70.8015934874859
4388161847,6,6124,1106,31,33020,76.093246541904
4388161847,7,3693,285,11,11505,64.512161343374
4388161847,8,3889,466,9,13507,63.5099462136088
4388161847,9,3879,436,9,13533,62.5647392387662
4445114986,0,2395,110,1,1781,NA
4445114986,1,2461,144,4,1941,NA
4445114986,10,2673,221,1,5572,NA
4445114986,11,2807,269,6,5534,NA
4445114986,12,3101,417,14,7580,NA
4445114986,13,3575,630,14,13686,NA
4445114986,14,3140,417,11,8264,NA
4445114986,15,3204,475,13,9563,NA
4445114986,16,3261,505,14,9984,NA
4445114986,17,3210,485,16.5,9602,NA
4445114986,18,4192,886,19.5,23898,NA
4445114986,19,3590,631,18,14542,NA
4445114986,2,2277,58,1,894,NA
4445114986,20,3085,432,14.5,7752,NA
4445114986,21,3021,401,11.5,7485,NA
4445114986,22,3063,420,13,8212,NA
4445114986,23,2969,391,13.5,7132,NA
4445114986,3,2171,15,0,175,NA
4445114986,4,2184,20,0,265,NA
4445114986,5,2181,19,0,226,NA
4445114986,6,2186,23,0,239,NA
4445114986,7,2236,42,1,549,NA
4445114986,8,2374,96,0,1757,NA
4445114986,9,2365,91,0,1915,NA
4558609924,0,1865,67,0,1044,67.3143342226534
4558609924,1,1811,36,0,487,66.0858505564388
4558609924,10,3091,677,20,14188,82.1110313257338
4558609924,11,3149,718,18,17535,80.1064089167538
4558609924,12,3079,666,21,14170,79.7600720602686
4558609924,13,3473,826,19,17890,84.2891195693964
4558609924,14,3608,893,23,21579,84.9321909783245
4558609924,15,3348,749,22,16780,86.308287863147
4558609924,16,3830,1013,24.5,26462,87.9918195887685
4558609924,17,3399,798,25.5,17941,86.12466946648
4558609924,18,3584,942,25,24480,88.512616916762
4558609924,19,3186,731,22,18359,83.0011521622244
4558609924,2,1739,3,0,24,66.2101167315175
4558609924,20,2872,561,15,10327,79.8468159859464
4558609924,21,2610,497,15.5,8752,75.665751920966
4558609924,22,2277,326,9.5,5525,70.9901845308206
4558609924,23,1945,143,2,2472,68.217163862576
4558609924,3,1736,0,0,0,80.3571428571429
4558609924,4,1736,0,0,0,96
4558609924,5,1736,0,0,0,68.4444444444444
4558609924,6,1816,39,0,934,83.790990990991
4558609924,7,1952,109,0,1890,79.5006941230912
4558609924,8,2262,245,0,5336,83.2298850574713
4558609924,9,2942,596,20,11734,84.2328252957234
4702921684,0,2626,2,0,15,NA
4702921684,1,2637,4,0,31,NA
4702921684,10,3811,367,6,9847,NA
4702921684,11,3909,435,6,13460,NA
4702921684,12,4850,720,14,23349,NA
4702921684,13,4163,520,9,15135,NA
4702921684,14,4292,589,9,16139,NA
4702921684,15,3775,408,8.5,9395,NA
4702921684,16,3907,448,10.5,11362,NA
4702921684,17,4918,684,23,22103,NA
4702921684,18,4945,779,23,21102,NA
4702921684,19,5070,862,26,22419,NA
4702921684,2,2659,11,0,208,NA
4702921684,20,4740,749,26,16344,NA
4702921684,21,5035,827,27.5,20118,NA
4702921684,22,3570,321,12,7939,NA
4702921684,23,2556,7,0,89,NA
4702921684,3,2639,5,0,31,NA
4702921684,4,2640,8,0,68,NA
4702921684,5,2759,38,0,1058,NA
4702921684,6,4466,594,22,17938,NA
4702921684,7,3794,313,9,9199,NA
4702921684,8,3594,293,5,8401,NA
4702921684,9,4536,469,13,19809,NA
5553957443,0,1803,59,0,950,59.6477967192023
5553957443,1,1753,29,0,378,60.0072233774762
5553957443,10,2191,297,5,7659,64.4037888258486
5553957443,11,2401,407,4.5,10422,72.4620397799408
5553957443,12,2780,585,9,17898,74.3876957494407
5553957443,13,2446,421,8,11411,71.4206470189702
5553957443,14,2617,489,4,12643,77.4893124900303
5553957443,15,2319,361,4,8400,71.1572203516648
5553957443,16,3321,882,17.5,26217,81.2296901172529
5553957443,17,4010,1235,28,38743,82.304767734476
5553957443,18,2981,629,20.5,20673,71.0947888193281
5553957443,19,2772,583,18.5,15775,69.2428597089995
5553957443,2,1770,42,1,503,60.2766384306732
5553957443,20,2540,493,15.5,10309,67.9107276119403
5553957443,21,2531,473,14.5,11267,66.9270361445783
5553957443,22,2234,318,9,6696,63.0964390194694
5553957443,23,1984,203,1,3478,61.0909569983137
5553957443,3,1742,21,0,234,60.1690623617868
5553957443,4,1745,21,0,280,60.3694444444444
5553957443,5,1808,65,1,830,59.8691062631949
5553957443,6,2716,555,18,12625,68.142378559464
5553957443,7,3400,760,27,34460,71.7824598116618
5553957443,8,2325,329,2,12163,65.6100655089945
5553957443,9,1945,119,3,2892,62.7906099350241
5577150313,0,2613,69,0,1499,55.5170726518455
5577150313,1,2553,81,0,1874,54.463864628821
5577150313,10,6082,1214,17.5,19817,78.8764134275618
5577150313,11,6523,1328,28,26848,82.0825679562112
5577150313,12,4497,645,15,12146,73.7416326530612
5577150313,13,4301,604,9,9607,75.5376623376623
5577150313,14,5349,870,16,17624,83.7144642069675
5577150313,15,4690,724,13,14140,76.4230242777898
5577150313,16,4190,536,8,9058,71.442996742671
5577150313,17,4011,492,9,8169,69.7613301662708
5577150313,18,4530,707,9,10911,73.1495920217588
5577150313,19,6344,1306,32,17692,81.1426318556159
5577150313,2,2541,73,0.5,832,54.0753432302712
5577150313,20,4663,705,12,12335,73.4461642642933
5577150313,21,3227,270,5,4414,64.2285960750485
5577150313,22,2802,174,1,2446,59.3259436107322
5577150313,23,2389,37,1,528,55.3714651460491
5577150313,3,2377,22,0,383,51.5497082713648
5577150313,4,2538,59,0,1607,52.2864077669903
5577150313,5,2982,211,1,5276,54.5442764578834
5577150313,6,7468,1761,58,28226,84.4019388516033
5577150313,7,5232,932,24,15192,77.1048425011754
5577150313,8,4428,633,11,13017,69.9430036771821
5577150313,9,4486,633,11.5,14878,70.4473561936623
6117666160,0,1946,82,0,1483,80.0088655393203
6117666160,1,1855,40,0,933,76.6901262320595
6117666160,10,2986,542,18.5,12709,89.7898236092266
6117666160,11,2937,511,16.5,11713,89.4651950162514
6117666160,12,3088,605,25,13993,92.2875344804939
6117666160,13,3266,678,30,16256,92.3911511354738
6117666160,14,2970,552,24,12444,90.6975021783329
6117666160,15,3285,702,33,15586,93.1293868921776
6117666160,16,3170,586,23,15526,93.8284888144879
6117666160,17,3240,658,28,14494,93.4317979197623
6117666160,18,3138,611,21,13236,91.5641583297086
6117666160,19,2972,555,18,11331,90.825814714672
6117666160,2,1822,32,0,599,71.2313712146989
6117666160,20,2753,440,4,9946,91.2888956680903
6117666160,21,2248,234,4,4479,84.2212620251101
6117666160,22,2181,220,4,4479,82.6760456273764
6117666160,23,2020,144,0,3195,80.1752671755725
6117666160,3,1819,35,0,578,69.2166865722573
6117666160,4,1831,37,0,836,68.6044362292052
6117666160,5,1847,43,0,881,67.3403903407211
6117666160,6,1848,44,0,844,67.3658330517067
6117666160,7,2093,157,0,3249,72.3351866560762
6117666160,8,2506,330,5.5,7108,80.991590649943
6117666160,9,2737,439,12,9775,85.2804164883754
6290855005,0,2408,0,0,0,NA
6290855005,1,2408,0,0,0,NA
6290855005,10,4142,649,22,17548,NA
6290855005,11,3948,620,23.5,15476,NA
6290855005,12,3941,624,25.5,14453,NA
6290855005,13,4012,631,23,16473,NA
6290855005,14,3939,615,21,14726,NA
6290855005,15,3681,510,20,13031,NA
6290855005,16,3490,439,14,10637,NA
6290855005,17,3212,380,15,6363,NA
6290855005,18,2905,249,3,3969,NA
6290855005,19,2660,146,0,2340,NA
6290855005,2,2408,0,0,0,NA
6290855005,20,2563,101,0,1187,NA
6290855005,21,2730,145,0,1424,NA
6290855005,22,2399,29,0,1189,NA
6290855005,23,2374,19,0,639,NA
6290855005,3,2408,0,0,0,NA
6290855005,4,2408,0,0,0,NA
6290855005,5,2435,10,0,93,NA
6290855005,6,2931,219,6.5,3150,NA
6290855005,7,3570,451,18.5,12310,NA
6290855005,8,3576,448,16,11077,NA
6290855005,9,4829,764,25,17593,NA
6775888955,0,2156,50,0,1016,86.5168986083499
6775888955,1,2015,1,0,9,78.5419161676647
6775888955,10,2209,85,0,2003,86.9488341968912
6775888955,11,2625,231,0,4298,95.7707212055974
6775888955,12,2694,243,0,7419,96.6577092511013
6775888955,13,2510,197,0,4159,100.36177972283
6775888955,14,2365,120,0,3257,99.2200165425972
6775888955,15,2166,65,0,1166,106.510603588907
6775888955,16,2224,102,0,1915,106.427921092564
6775888955,17,2143,64,0,1224,106.767366720517
6775888955,18,2528,222,0,6121,105.853064651553
6775888955,19,2357,139,0,2952,105.918786692759
6775888955,2,2023,7,0,154,75.3063932448733
6775888955,20,2352,139,0,2844,101.06648199446
6775888955,21,2336,97,0,3445,95.0727945712523
6775888955,22,2271,94,0,2759,93.7160256410256
6775888955,23,2253,92,0,2046,91.9875078076202
6775888955,3,2002,0,0,0,69.6238894373149
6775888955,4,2010,4,0,40,70.7188099808061
6775888955,5,2198,70,0,2127,78.0534351145038
6775888955,6,2347,117,0,4129,82.1906040268456
6775888955,7,2439,130,0,2833,90.2315380344253
6775888955,8,2992,287,0,7267,96.184371972877
6775888955,9,2336,112,0,2188,85.9467149508536
6962181067,0,1700,14,0,156,65.9718371356839
6962181067,1,1726,31,0,397,65.9364069952305
6962181067,10,4407,1356,28,44497,94.0569980132904
6962181067,11,3507,892,27,26735,83.5769855386281
6962181067,12,3855,1089,19,34103,95.1080940250116
6962181067,13,2204,274,3,6551,78.1769895888477
6962181067,14,2143,269,8,5240,74.2224366041896
6962181067,15,2651,516,16,12761,76.1831837016575
6962181067,16,3044,693,20.5,18355,78.75294599018
6962181067,17,3296,829,22.5,22938,81.7015628876209
6962181067,18,3028,681,24,17523,81.0428571428571
6962181067,19,3176,757,18,23739,82.0308041799182
6962181067,2,1719,27,0,392,65.3208253153731
6962181067,20,2339,365,11,9430,77.0214651191813
6962181067,21,1855,116,2,2310,71.8294767870302
6962181067,22,1892,150,3.5,2396,71.5949446680081
6962181067,23,1767,82,1,1574,67.8493610569634
6962181067,3,1695,12,0,151,64.1773968934119
6962181067,4,1705,17,0,286,63.3082839621661
6962181067,5,1681,4,0,30,62.8008793969849
6962181067,6,1749,44,0,749,64.5165489404642
6962181067,7,2770,556,10,13345,77.9895147524994
6962181067,8,3109,698,25,16742,80.7274158010702
6962181067,9,4443,1417,35,43221,95.4271883824123
7007744171,0,1690,0,0,0,NA
7007744171,1,1625,0,0,0,NA
7007744171,10,3576,718,19,21514,90.9058993102028
7007744171,11,3235,612,23,15703,88.698675145734
7007744171,12,3004,534,18,11774,88.7995978552279
7007744171,13,3237,548,17,15113,91.867201426025
7007744171,14,2533,326,12,7534,86.3522380778144
7007744171,15,2829,445,16,10536,87.6972923983233
7007744171,16,3139,533,22,13656,89.5180216031836
7007744171,17,3121,536,17,13584,90.8389420238517
7007744171,18,2719,400,16,9493,87.9439098505951
7007744171,19,2861,475,12,11960,88.1680311890838
7007744171,2,1625,0,0,0,NA
7007744171,20,2255,244,6,5683,82.0379377431907
7007744171,21,1799,74,0,1393,77.5382677165354
7007744171,22,1725,43,0,795,88.8351254480287
7007744171,23,1629,2,0,13,69.625
7007744171,3,1625,0,0,0,NA
7007744171,4,1625,0,0,0,NA
7007744171,5,1630,2,0,50,90
7007744171,6,3506,733,28,22429,97.5736560012993
7007744171,7,4087,1028,27,31250,93.3343023255814
7007744171,8,6516,2218,108,73921,104.335657833566
7007744171,9,4538,1095,37,28008,98.2951813214108
7086361926,0,2323,68,0,1505,NA
7086361926,1,2207,29,0,534,NA
7086361926,10,2715,208,4,6746,NA
7086361926,11,2557,144,4,4523,NA
7086361926,12,3332,465,7,15639,NA
7086361926,13,6301,1601,37.5,66597,NA
7086361926,14,3204,396,4.5,13680,NA
7086361926,15,2966,328,5,11515,NA
7086361926,16,3957,610,20.5,23719,NA
7086361926,17,9352,2679,126.5,50288,NA
7086361926,18,6221,1303,40,39631,NA
7086361926,19,3629,459,10.5,10606,NA
7086361926,2,2115,2,0,16,NA
7086361926,20,3089,294,8,7060,NA
7086361926,21,2814,221,4,6083,NA
7086361926,22,2620,184,4,3446,NA
7086361926,23,2507,151,1,3398,NA
7086361926,3,2114,0,0,0,NA
7086361926,4,2109,0,0,0,NA
7086361926,5,2108,0,0,0,NA
7086361926,6,2175,24,0,255,NA
7086361926,7,3541,406,14,11075,NA
7086361926,8,2864,243,4,7475,NA
7086361926,9,2521,127,2,3712,NA
8053475328,0,2507,87,2,1609,NA
8053475328,1,2533,96,1,2070,NA
8053475328,10,2467,79,0,1830,NA
8053475328,11,2895,236,4,5907,NA
8053475328,12,3318,402,11,9535,NA
8053475328,13,5626,1132,17,42637,NA
8053475328,14,8322,1984,70,79929,NA
8053475328,15,3701,507,7,17858,NA
8053475328,16,3807,555,9,18410,NA
8053475328,17,4667,964,21.5,28116,NA
8053475328,18,5775,1269,33,41221,NA
8053475328,19,9909,2630,102,104007,NA
8053475328,2,2507,86,2,2272,NA
8053475328,20,3325,396,2,13653,NA
8053475328,21,5623,1263,35,38455,NA
8053475328,22,5560,1224,20,43576,NA
8053475328,23,2789,232,7,5065,NA
8053475328,3,2303,14,0,331,NA
8053475328,4,2329,25,0,656,NA
8053475328,5,2263,0,0,0,NA
8053475328,6,2273,3,0,124,NA
8053475328,7,2285,9,0,202,NA
8053475328,8,2263,0,0,0,NA
8053475328,9,2263,0,0,0,NA
8253242879,0,1066,2,0,0,NA
8253242879,1,1062,0,0,0,NA
8253242879,10,2150,473,3.5,18480,NA
8253242879,11,2717,681,10.5,28688,NA
8253242879,12,2535,696,27.5,25036,NA
8253242879,13,1670,303,16.5,10047,NA
8253242879,14,1590,274,14,5669,NA
8253242879,15,1403,182,6,4354,NA
8253242879,16,1556,248,8.5,6270,NA
8253242879,17,1505,209,9,5243,NA
8253242879,18,1300,114,6,2899,NA
8253242879,19,1265,102,6,2071,NA
8253242879,2,1062,0,0,0,NA
8253242879,20,1244,91,3.5,2152,NA
8253242879,21,1259,95,4.5,2198,NA
8253242879,22,1368,164,9.5,2700,NA
8253242879,23,1229,111,8,2520,NA
8253242879,3,1062,0,0,0,NA
8253242879,4,1064,1,0,0,NA
8253242879,5,1062,0,0,0,NA
8253242879,6,1062,0,0,0,NA
8253242879,7,1105,20,0,429,NA
8253242879,8,1204,74,0,1329,NA
8253242879,9,1272,85,0.5,2753,NA
8378563200,0,2882,18,0,334,NA
8378563200,1,2927,33,0,554,NA
8378563200,10,4573,410,12,14857,NA
8378563200,11,4997,600,11,20144,NA
8378563200,12,6413,1116,14,38283,NA
8378563200,13,4416,360,10,12990,NA
8378563200,14,4637,461,9,16550,NA
8378563200,15,4821,490,11.5,19192,NA
8378563200,16,4559,428,9,16549,NA
8378563200,17,4474,466,9.5,14722,NA
8378563200,18,3956,320,11,8317,NA
8378563200,19,3724,261,8.5,5919,NA
8378563200,2,2868,18,0,294,NA
8378563200,20,3895,310,9,8227,NA
8378563200,21,3321,167,4.5,4040,NA
8378563200,22,2973,66,0.5,1764,NA
8378563200,23,2862,41,1,874,NA
8378563200,3,2855,11,0,169,NA
8378563200,4,3405,171,7,4760,NA
8378563200,5,12066,2640,150,278,NA
8378563200,6,3548,188,6,5073,NA
8378563200,7,4423,423,14,12161,NA
8378563200,8,7181,1438,41,47402,NA
8378563200,9,4651,485,11,16252,NA
8583815059,0,2887,136,0,2821,NA
8583815059,1,2556,14,0,215,NA
8583815059,10,3687,407,7.5,10746,NA
8583815059,11,3860,433,6,12387,NA
8583815059,12,4684,766,19,21515,NA
8583815059,13,4994,869,21.5,25016,NA
8583815059,14,4670,745,14.5,22077,NA
8583815059,15,5151,946,12,29616,NA
8583815059,16,3740,414,8,11178,NA
8583815059,17,3395,275,4.5,7172,NA
8583815059,18,3220,227,5,4955,NA
8583815059,19,3553,352,7.5,7749,NA
8583815059,2,2520,0,0,0,NA
8583815059,20,3265,250,5.5,4675,NA
8583815059,21,3042,181,5,2637,NA
8583815059,22,2869,133,4,2823,NA
8583815059,23,2823,124,3,2422,NA
8583815059,3,2520,0,0,0,NA
8583815059,4,2520,0,0,0,NA
8583815059,5,2520,0,0,0,NA
8583815059,6,2520,0,0,0,NA
8583815059,7,2544,8,0,149,NA
8583815059,8,2924,137,0,4579,NA
8583815059,9,2938,139,2,3468,NA
8792009665,0,2560,175,2,3196,76.5253308128544
8792009665,1,2382,137,1.5,1792,74.2012345679012
8792009665,10,2431,145,0,2579,71.6176361615413
8792009665,11,2634,228,6.5,4545,74.6734482758621
8792009665,12,2345,113,0,2034,75.5436241610738
8792009665,13,2508,173,0,2158,78.143700424276
8792009665,14,2506,164,0,3286,78.7557180352456
8792009665,15,2627,223,1.5,4300,77.5690346083789
8792009665,16,2661,212,1.5,4331,78.0288496876149
8792009665,17,2916,283,3,4998,85.1795411492317
8792009665,18,2953,293,8,5491,86.1545819781902
8792009665,19,2772,239,1,4584,83.3290347051015
8792009665,2,2099,39,0,618,66.815167840862
8792009665,20,2635,213,4,4256,78.1780821917808
8792009665,21,2220,86,0.5,1537,71.2557140066419
8792009665,22,2112,48,0,745,69.7517985611511
8792009665,23,2184,68,0,979,72.0095846645367
8792009665,3,1976,6,0,46,63.2070252469813
8792009665,4,1974,2,0,15,61.8159224936815
8792009665,5,1979,1,0,5,62.1431875525652
8792009665,6,1975,3,0,21,62.3839835728953
8792009665,7,1990,9,0,114,59.4908455050401
8792009665,8,2011,16,0,126,60.3116403202628
8792009665,9,2290,104,0,1994,66.8186974021222
8877689391,0,2504,61,0,2728,76.960396039604
8877689391,1,2424,39,0,1887,77.240157480315
8877689391,10,4442,656,14,24078,67.0693865396069
8877689391,11,4817,674,18,26944,70.6378583172493
8877689391,12,8587,1863,51,65430,97.5120450756051
8877689391,13,5586,887,12,22825,88.5871785628455
8877689391,14,5136,682,9,29845,84.381721890277
8877689391,15,4974,738,16.5,27856,76.9668189648715
8877689391,16,6765,1071,17.5,50524,97.0539054600607
8877689391,17,7774,1489,40.5,54230,102.090624075717
8877689391,18,8807,1848,29.5,56449,108.992730210016
8877689391,19,5308,886,20,22650,86.8448564259827
8877689391,2,2426,43,0,1983,76.3163265306122
8877689391,20,4178,539,14.5,14405,74.076952497514
8877689391,21,3981,459,13,15022,72.9979324603722
8877689391,22,3266,291,6,8736,73.1849576622945
8877689391,23,2602,134,0,4332,76.0259208731242
8877689391,3,2279,4,0,84,68.4569536423841
8877689391,4,2263,0,0,0,NA
8877689391,5,2263,0,0,0,NA
8877689391,6,2695,133,3,3534,80.9255751014885
8877689391,7,4276,514,18,20202,71.5275220740184
8877689391,8,4095,462,14,20870,65.70365525202
8877689391,9,4298,552,15,21009,67.1926668184924
